"","p_d_node","p_state","d_state","change","p_pp","d_pp","dpp>ppp"
"1","1094_1095",0,0,0,0.926,0.91,0
"2","1095_1096",0,0,0,0.91,0.91,0
"3","1096_1",0,0,0,0.91,1,1
"4","1096_1097",0,0,0,0.91,0.908,0
"5","1097_1098",0,0,0,0.908,0.914,1
"6","1098_1099",0,0,0,0.914,0.926,1
"7","1099_1100",0,0,0,0.926,0.862,0
"8","1100_2",0,1,1,0.862,1,1
"9","1100_3",0,0,0,0.862,1,1
"10","1099_1101",0,0,0,0.926,0.952,1
"11","1101_4",0,0,0,0.952,1,1
"12","1101_5",0,0,0,0.952,1,1
"13","1098_1102",0,0,0,0.914,0.894,0
"14","1102_1103",0,0,0,0.894,0.922,1
"15","1103_6",0,0,0,0.922,1,1
"16","1103_7",0,0,0,0.922,1,1
"17","1102_1104",0,0,0,0.894,0.968,1
"18","1104_8",0,0,0,0.968,1,1
"19","1104_9",0,0,0,0.968,1,1
"20","1097_1105",0,0,0,0.908,0.93,1
"21","1105_1106",0,0,0,0.93,0.956,1
"22","1106_10",0,1,1,0.956,1,1
"23","1106_11",0,0,0,0.956,1,1
"24","1105_1107",0,0,0,0.93,0.938,1
"25","1107_12",0,0,0,0.938,1,1
"26","1107_13",0,0,0,0.938,1,1
"27","1095_1108",0,0,0,0.91,0.908,0
"28","1108_14",0,0,0,0.908,1,1
"29","1108_1109",0,0,0,0.908,0.99,1
"30","1109_15",0,0,0,0.99,1,1
"31","1109_16",0,0,0,0.99,1,1
"32","1094_1110",0,0,0,0.926,0.942,1
"33","1110_1111",0,0,0,0.942,0.928,0
"34","1111_1112",0,0,0,0.928,0.928,0
"35","1112_17",0,0,0,0.928,1,1
"36","1112_1113",0,0,0,0.928,0.924,0
"37","1113_1114",0,0,0,0.924,0.93,1
"38","1114_18",0,0,0,0.93,1,1
"39","1114_19",0,0,0,0.93,1,1
"40","1113_20",0,0,0,0.924,1,1
"41","1111_1115",0,0,0,0.928,0.938,1
"42","1115_1116",0,0,0,0.938,0.922,0
"43","1116_1117",0,0,0,0.922,0.93,1
"44","1117_1118",0,0,0,0.93,0.92,0
"45","1118_1119",0,0,0,0.92,0.924,1
"46","1119_21",0,0,0,0.924,1,1
"47","1119_22",0,1,1,0.924,1,1
"48","1118_23",0,0,0,0.92,1,1
"49","1117_1120",0,0,0,0.93,0.94,1
"50","1120_1121",0,0,0,0.94,0.93,0
"51","1121_24",0,0,0,0.93,1,1
"52","1121_1122",0,0,0,0.93,0.934,1
"53","1122_1123",0,0,0,0.934,0.95,1
"54","1123_1124",0,0,0,0.95,0.924,0
"55","1124_25",0,0,0,0.924,1,1
"56","1124_26",0,0,0,0.924,1,1
"57","1123_1125",0,0,0,0.95,0.956,1
"58","1125_1126",0,0,0,0.956,0.952,0
"59","1126_27",0,0,0,0.952,1,1
"60","1126_28",0,0,0,0.952,1,1
"61","1125_1127",0,0,0,0.956,0.942,0
"62","1127_1128",0,0,0,0.942,0.93,0
"63","1128_29",0,0,0,0.93,1,1
"64","1128_30",0,0,0,0.93,1,1
"65","1127_31",0,0,0,0.942,1,1
"66","1122_32",0,0,0,0.934,1,1
"67","1120_1129",0,0,0,0.94,0.938,0
"68","1129_1130",0,0,0,0.938,0.948,1
"69","1130_1131",0,0,0,0.948,0.928,0
"70","1131_33",0,0,0,0.928,1,1
"71","1131_34",0,0,0,0.928,1,1
"72","1130_35",0,0,0,0.948,1,1
"73","1129_1132",0,0,0,0.938,0.944,1
"74","1132_1133",0,0,0,0.944,0.936,0
"75","1133_1134",0,0,0,0.936,0.92,0
"76","1134_36",0,0,0,0.92,1,1
"77","1134_37",0,0,0,0.92,1,1
"78","1133_1135",0,0,0,0.936,0.936,0
"79","1135_1136",0,0,0,0.936,0.868,0
"80","1136_38",0,0,0,0.868,1,1
"81","1136_1137",0,0,0,0.868,0.724,0
"82","1137_39",0,0,0,0.724,1,1
"83","1137_40",0,1,1,0.724,1,1
"84","1135_1138",0,0,0,0.936,0.934,0
"85","1138_1139",0,0,0,0.934,0.97,1
"86","1139_41",0,0,0,0.97,1,1
"87","1139_1140",0,0,0,0.97,0.986,1
"88","1140_42",0,0,0,0.986,1,1
"89","1140_43",0,0,0,0.986,1,1
"90","1138_44",0,0,0,0.934,1,1
"91","1132_45",0,0,0,0.944,1,1
"92","1116_1141",0,0,0,0.922,0.924,1
"93","1141_1142",0,0,0,0.924,0.914,0
"94","1142_1143",0,0,0,0.914,0.94,1
"95","1143_1144",0,0,0,0.94,0.94,0
"96","1144_46",0,0,0,0.94,1,1
"97","1144_1145",0,0,0,0.94,0.944,1
"98","1145_1146",0,0,0,0.944,0.82,0
"99","1146_47",0,0,0,0.82,1,1
"100","1146_1147",0,0,0,0.82,0.702,0
"101","1147_1148",0,0,0,0.702,0.8,1
"102","1148_48",0,0,0,0.8,1,1
"103","1148_49",0,0,0,0.8,1,1
"104","1147_50",0,1,1,0.702,1,1
"105","1145_1149",0,0,0,0.944,0.982,1
"106","1149_51",0,0,0,0.982,1,1
"107","1149_1150",0,0,0,0.982,0.998,1
"108","1150_52",0,0,0,0.998,1,1
"109","1150_53",0,0,0,0.998,1,1
"110","1143_1151",0,0,0,0.94,0.948,1
"111","1151_1152",0,0,0,0.948,0.922,0
"112","1152_1153",0,0,0,0.922,0.918,0
"113","1153_1154",0,0,0,0.918,0.916,0
"114","1154_1155",0,0,0,0.916,0.966,1
"115","1155_54",0,0,0,0.966,1,1
"116","1155_55",0,0,0,0.966,1,1
"117","1154_1156",0,0,0,0.916,0.92,1
"118","1156_1157",0,0,0,0.92,0.912,0
"119","1157_1158",0,0,0,0.912,0.998,1
"120","1158_56",0,0,0,0.998,1,1
"121","1158_57",0,0,0,0.998,1,1
"122","1157_1159",0,0,0,0.912,0.902,0
"123","1159_58",0,1,1,0.902,1,1
"124","1159_59",0,0,0,0.902,1,1
"125","1156_1160",0,0,0,0.92,0.908,0
"126","1160_1161",0,0,0,0.908,0.886,0
"127","1161_1162",0,0,0,0.886,0.638,0
"128","1162_60",0,1,1,0.638,1,1
"129","1162_61",0,1,1,0.638,1,1
"130","1161_1163",0,0,0,0.886,0.866,0
"131","1163_62",0,1,1,0.866,1,1
"132","1163_63",0,1,1,0.866,1,1
"133","1160_1164",0,0,0,0.908,0.94,1
"134","1164_1165",0,0,0,0.94,0.966,1
"135","1165_64",0,0,0,0.966,1,1
"136","1165_65",0,0,0,0.966,1,1
"137","1164_1166",0,0,0,0.94,0.938,0
"138","1166_66",0,0,0,0.938,1,1
"139","1166_67",0,0,0,0.938,1,1
"140","1153_1167",0,0,0,0.918,0.936,1
"141","1167_1168",0,0,0,0.936,0.928,0
"142","1168_68",0,0,0,0.928,1,1
"143","1168_69",0,0,0,0.928,1,1
"144","1167_1169",0,0,0,0.936,0.908,0
"145","1169_1170",0,0,0,0.908,0.912,1
"146","1170_1171",0,0,0,0.912,0.926,1
"147","1171_70",0,0,0,0.926,1,1
"148","1171_71",0,1,1,0.926,1,1
"149","1170_72",0,0,0,0.912,1,1
"150","1169_1172",0,0,0,0.908,0.928,1
"151","1172_73",0,0,0,0.928,1,1
"152","1172_74",0,0,0,0.928,1,1
"153","1152_1173",0,0,0,0.922,0.918,0
"154","1173_1174",0,0,0,0.918,0.914,0
"155","1174_1175",0,0,0,0.914,0.914,0
"156","1175_1176",0,0,0,0.914,0.942,1
"157","1176_75",0,0,0,0.942,1,1
"158","1176_1177",0,0,0,0.942,0.928,0
"159","1177_76",0,0,0,0.928,1,1
"160","1177_77",0,0,0,0.928,1,1
"161","1175_1178",0,0,0,0.914,0.916,1
"162","1178_78",0,1,1,0.916,1,1
"163","1178_1179",0,0,0,0.916,0.98,1
"164","1179_79",0,0,0,0.98,1,1
"165","1179_80",0,0,0,0.98,1,1
"166","1174_1180",0,0,0,0.914,0.948,1
"167","1180_1181",0,0,0,0.948,0.924,0
"168","1181_1182",0,0,0,0.924,0.912,0
"169","1182_1183",0,0,0,0.912,0.926,1
"170","1183_1184",0,0,0,0.926,0.818,0
"171","1184_81",0,0,0,0.818,1,1
"172","1184_1185",0,0,0,0.818,0.636,0
"173","1185_82",0,0,0,0.636,1,1
"174","1185_1186",0,1,1,0.636,0.97,1
"175","1186_83",1,1,0,0.97,1,1
"176","1186_1187",1,1,0,0.97,0.994,1
"177","1187_1188",1,0,1,0.994,0.992,0
"178","1188_84",0,0,0,0.992,1,1
"179","1188_85",0,0,0,0.992,1,1
"180","1187_86",1,1,0,0.994,1,1
"181","1183_1189",0,0,0,0.926,0.926,0
"182","1189_1190",0,0,0,0.926,0.922,0
"183","1190_1191",0,0,0,0.922,0.942,1
"184","1191_1192",0,0,0,0.942,0.928,0
"185","1192_1193",0,0,0,0.928,0.94,1
"186","1193_1194",0,0,0,0.94,0.996,1
"187","1194_87",0,0,0,0.996,1,1
"188","1194_88",0,0,0,0.996,1,1
"189","1193_1195",0,0,0,0.94,0.94,0
"190","1195_1196",0,0,0,0.94,1,1
"191","1196_89",0,0,0,1,1,0
"192","1196_90",0,0,0,1,1,0
"193","1195_1197",0,0,0,0.94,0.978,1
"194","1197_1198",0,0,0,0.978,0.986,1
"195","1198_91",0,0,0,0.986,1,1
"196","1198_92",0,0,0,0.986,1,1
"197","1197_1199",0,0,0,0.978,0.986,1
"198","1199_93",0,0,0,0.986,1,1
"199","1199_94",0,0,0,0.986,1,1
"200","1192_1200",0,0,0,0.928,0.928,0
"201","1200_95",0,0,0,0.928,1,1
"202","1200_1201",0,0,0,0.928,0.662,0
"203","1201_1202",0,1,1,0.662,0.982,1
"204","1202_96",1,1,0,0.982,1,1
"205","1202_97",1,0,1,0.982,1,1
"206","1201_98",0,0,0,0.662,1,1
"207","1191_1203",0,0,0,0.942,0.944,1
"208","1203_99",0,0,0,0.944,1,1
"209","1203_1204",0,0,0,0.944,0.938,0
"210","1204_1205",0,0,0,0.938,0.932,0
"211","1205_100",0,0,0,0.932,1,1
"212","1205_101",0,0,0,0.932,1,1
"213","1204_1206",0,0,0,0.938,0.946,1
"214","1206_1207",0,0,0,0.946,0.946,0
"215","1207_102",0,0,0,0.946,1,1
"216","1207_1208",0,0,0,0.946,0.926,0
"217","1208_103",0,0,0,0.926,1,1
"218","1208_104",0,0,0,0.926,1,1
"219","1206_1209",0,0,0,0.946,0.938,0
"220","1209_1210",0,0,0,0.938,0.93,0
"221","1210_105",0,0,0,0.93,1,1
"222","1210_1211",0,0,0,0.93,0.936,1
"223","1211_106",0,0,0,0.936,1,1
"224","1211_1212",0,0,0,0.936,0.952,1
"225","1212_107",0,0,0,0.952,1,1
"226","1212_1213",0,0,0,0.952,0.964,1
"227","1213_108",0,0,0,0.964,1,1
"228","1213_109",0,0,0,0.964,1,1
"229","1209_1214",0,0,0,0.938,0.942,1
"230","1214_110",0,0,0,0.942,1,1
"231","1214_111",0,0,0,0.942,1,1
"232","1190_1215",0,0,0,0.922,0.914,0
"233","1215_1216",0,0,0,0.914,0.924,1
"234","1216_1217",0,0,0,0.924,0.992,1
"235","1217_1218",0,0,0,0.992,0.99,0
"236","1218_112",0,1,1,0.99,1,1
"237","1218_113",0,0,0,0.99,1,1
"238","1217_1219",0,0,0,0.992,0.996,1
"239","1219_114",0,0,0,0.996,1,1
"240","1219_115",0,0,0,0.996,1,1
"241","1216_1220",0,0,0,0.924,0.926,1
"242","1220_1221",0,0,0,0.926,0.928,1
"243","1221_1222",0,0,0,0.928,0.91,0
"244","1222_1223",0,0,0,0.91,1,1
"245","1223_116",0,0,0,1,1,0
"246","1223_117",0,0,0,1,1,0
"247","1222_1224",0,0,0,0.91,0.878,0
"248","1224_118",0,0,0,0.878,1,1
"249","1224_1225",0,0,0,0.878,0.782,0
"250","1225_1226",0,0,0,0.782,0.63,0
"251","1226_1227",0,0,0,0.63,0.564,0
"252","1227_119",0,1,1,0.564,1,1
"253","1227_120",0,0,0,0.564,1,1
"254","1226_1228",0,1,1,0.63,0.96,1
"255","1228_121",1,1,0,0.96,1,1
"256","1228_1229",1,1,0,0.96,0.982,1
"257","1229_122",1,1,0,0.982,1,1
"258","1229_1230",1,0,1,0.982,0.992,1
"259","1230_123",0,0,0,0.992,1,1
"260","1230_1231",0,0,0,0.992,0.998,1
"261","1231_124",0,0,0,0.998,1,1
"262","1231_125",0,0,0,0.998,1,1
"263","1225_126",0,0,0,0.782,1,1
"264","1221_127",0,0,0,0.928,1,1
"265","1220_1232",0,0,0,0.926,0.934,1
"266","1232_1233",0,0,0,0.934,0.948,1
"267","1233_1234",0,0,0,0.948,0.958,1
"268","1234_128",0,0,0,0.958,1,1
"269","1234_1235",0,0,0,0.958,0.986,1
"270","1235_129",0,0,0,0.986,1,1
"271","1235_1236",0,0,0,0.986,0.994,1
"272","1236_130",0,0,0,0.994,1,1
"273","1236_1237",0,0,0,0.994,1,1
"274","1237_1238",0,0,0,1,1,0
"275","1238_131",0,0,0,1,1,0
"276","1238_132",0,0,0,1,1,0
"277","1237_1239",0,0,0,1,1,0
"278","1239_133",0,0,0,1,1,0
"279","1239_134",0,0,0,1,1,0
"280","1233_1240",0,0,0,0.948,0.982,1
"281","1240_135",0,0,0,0.982,1,1
"282","1240_136",0,0,0,0.982,1,1
"283","1232_1241",0,0,0,0.934,1,1
"284","1241_137",0,0,0,1,1,0
"285","1241_1242",0,0,0,1,1,0
"286","1242_138",0,0,0,1,1,0
"287","1242_139",0,0,0,1,1,0
"288","1215_1243",0,0,0,0.914,0.904,0
"289","1243_140",0,1,1,0.904,1,1
"290","1243_1244",0,1,1,0.904,0.93,1
"291","1244_141",1,1,0,0.93,1,1
"292","1244_142",1,0,1,0.93,1,1
"293","1189_1245",0,0,0,0.926,0.928,1
"294","1245_143",0,0,0,0.928,1,1
"295","1245_144",0,0,0,0.928,1,1
"296","1182_1246",0,0,0,0.912,0.922,1
"297","1246_145",0,0,0,0.922,1,1
"298","1246_1247",0,0,0,0.922,0.924,1
"299","1247_1248",0,0,0,0.924,0.924,0
"300","1248_1249",0,0,0,0.924,0.936,1
"301","1249_146",0,0,0,0.936,1,1
"302","1249_1250",0,0,0,0.936,0.95,1
"303","1250_147",0,0,0,0.95,1,1
"304","1250_1251",0,0,0,0.95,0.952,1
"305","1251_1252",0,0,0,0.952,0.942,0
"306","1252_1253",0,0,0,0.942,0.938,0
"307","1253_148",0,0,0,0.938,1,1
"308","1253_149",0,0,0,0.938,1,1
"309","1252_1254",0,0,0,0.942,0.898,0
"310","1254_150",0,0,0,0.898,1,1
"311","1254_1255",0,0,0,0.898,0.876,0
"312","1255_151",0,1,1,0.876,1,1
"313","1255_152",0,0,0,0.876,1,1
"314","1251_1256",0,0,0,0.952,0.922,0
"315","1256_1257",0,0,0,0.922,0.916,0
"316","1257_1258",0,0,0,0.916,0.924,1
"317","1258_1259",0,0,0,0.924,0.912,0
"318","1259_1260",0,0,0,0.912,0.892,0
"319","1260_153",0,0,0,0.892,1,1
"320","1260_1261",0,0,0,0.892,0.63,0
"321","1261_154",0,1,1,0.63,1,1
"322","1261_155",0,0,0,0.63,1,1
"323","1259_1262",0,0,0,0.912,0.936,1
"324","1262_156",0,0,0,0.936,1,1
"325","1262_157",0,0,0,0.936,1,1
"326","1258_1263",0,0,0,0.924,0.948,1
"327","1263_158",0,0,0,0.948,1,1
"328","1263_159",0,1,1,0.948,1,1
"329","1257_160",0,1,1,0.916,1,1
"330","1256_1264",0,0,0,0.922,0.944,1
"331","1264_161",0,0,0,0.944,1,1
"332","1264_1265",0,0,0,0.944,0.998,1
"333","1265_162",0,0,0,0.998,1,1
"334","1265_163",0,0,0,0.998,1,1
"335","1248_1266",0,0,0,0.924,0.926,1
"336","1266_164",0,0,0,0.926,1,1
"337","1266_1267",0,0,0,0.926,0.918,0
"338","1267_1268",0,0,0,0.918,0.958,1
"339","1268_165",0,0,0,0.958,1,1
"340","1268_1269",0,0,0,0.958,0.984,1
"341","1269_1270",0,0,0,0.984,0.994,1
"342","1270_166",0,0,0,0.994,1,1
"343","1270_167",0,0,0,0.994,1,1
"344","1269_1271",0,0,0,0.984,0.98,0
"345","1271_1272",0,0,0,0.98,0.956,0
"346","1272_168",0,0,0,0.956,1,1
"347","1272_169",0,1,1,0.956,1,1
"348","1271_170",0,0,0,0.98,1,1
"349","1267_1273",0,0,0,0.918,0.9,0
"350","1273_1274",0,0,0,0.9,0.566,0
"351","1274_1275",0,1,1,0.566,0.782,1
"352","1275_1276",1,1,0,0.782,0.986,1
"353","1276_1277",1,0,1,0.986,1,1
"354","1277_171",0,0,0,1,1,0
"355","1277_172",0,1,1,1,1,0
"356","1276_173",1,1,0,0.986,1,1
"357","1275_1278",1,1,0,0.782,0.756,0
"358","1278_174",1,0,1,0.756,1,1
"359","1278_1279",1,1,0,0.756,0.866,1
"360","1279_175",1,1,0,0.866,1,1
"361","1279_1280",1,0,1,0.866,0.992,1
"362","1280_176",0,0,0,0.992,1,1
"363","1280_177",0,0,0,0.992,1,1
"364","1274_1281",0,0,0,0.566,0.536,0
"365","1281_178",0,0,0,0.536,1,1
"366","1281_179",0,1,1,0.536,1,1
"367","1273_1282",0,0,0,0.9,0.918,1
"368","1282_1283",0,0,0,0.918,0.674,0
"369","1283_180",0,1,1,0.674,1,1
"370","1283_1284",0,0,0,0.674,0.506,0
"371","1284_1285",0,0,0,0.506,0.528,1
"372","1285_1286",0,1,1,0.528,0.83,1
"373","1286_181",1,0,1,0.83,1,1
"374","1286_182",1,1,0,0.83,1,1
"375","1285_1287",0,0,0,0.528,0.912,1
"376","1287_183",0,0,0,0.912,1,1
"377","1287_1288",0,0,0,0.912,0.922,1
"378","1288_1289",0,0,0,0.922,0.996,1
"379","1289_184",0,0,0,0.996,1,1
"380","1289_185",0,0,0,0.996,1,1
"381","1288_186",0,0,0,0.922,1,1
"382","1284_187",0,0,0,0.506,1,1
"383","1282_1290",0,0,0,0.918,0.994,1
"384","1290_188",0,0,0,0.994,1,1
"385","1290_189",0,0,0,0.994,1,1
"386","1247_190",0,0,0,0.924,1,1
"387","1181_1291",0,0,0,0.924,0.896,0
"388","1291_191",0,1,1,0.896,1,1
"389","1291_1292",0,0,0,0.896,0.922,1
"390","1292_192",0,0,0,0.922,1,1
"391","1292_1293",0,0,0,0.922,0.948,1
"392","1293_193",0,0,0,0.948,1,1
"393","1293_1294",0,0,0,0.948,0.906,0
"394","1294_194",0,0,0,0.906,1,1
"395","1294_1295",0,0,0,0.906,0.868,0
"396","1295_1296",0,0,0,0.868,0.91,1
"397","1296_1297",0,0,0,0.91,0.944,1
"398","1297_195",0,0,0,0.944,1,1
"399","1297_196",0,0,0,0.944,1,1
"400","1296_197",0,0,0,0.91,1,1
"401","1295_1298",0,1,1,0.868,0.998,1
"402","1298_198",1,1,0,0.998,1,1
"403","1298_199",1,0,1,0.998,1,1
"404","1180_1299",0,0,0,0.948,0.924,0
"405","1299_200",0,0,0,0.924,1,1
"406","1299_1300",0,0,0,0.924,0.946,1
"407","1300_1301",0,0,0,0.946,0.934,0
"408","1301_201",0,0,0,0.934,1,1
"409","1301_1302",0,0,0,0.934,0.934,0
"410","1302_202",0,0,0,0.934,1,1
"411","1302_1303",0,0,0,0.934,0.94,1
"412","1303_203",0,0,0,0.94,1,1
"413","1303_1304",0,0,0,0.94,0.988,1
"414","1304_204",0,0,0,0.988,1,1
"415","1304_205",0,0,0,0.988,1,1
"416","1300_1305",0,0,0,0.946,0.94,0
"417","1305_1306",0,0,0,0.94,0.938,0
"418","1306_206",0,0,0,0.938,1,1
"419","1306_1307",0,0,0,0.938,0.944,1
"420","1307_1308",0,0,0,0.944,0.994,1
"421","1308_207",0,0,0,0.994,1,1
"422","1308_208",0,0,0,0.994,1,1
"423","1307_209",0,0,0,0.944,1,1
"424","1305_1309",0,0,0,0.94,0.932,0
"425","1309_1310",0,0,0,0.932,0.946,1
"426","1310_1311",0,0,0,0.946,0.924,0
"427","1311_1312",0,0,0,0.924,0.96,1
"428","1312_210",0,0,0,0.96,1,1
"429","1312_211",0,0,0,0.96,1,1
"430","1311_1313",0,0,0,0.924,0.96,1
"431","1313_212",0,0,0,0.96,1,1
"432","1313_213",0,0,0,0.96,1,1
"433","1310_1314",0,0,0,0.946,0.924,0
"434","1314_1315",0,0,0,0.924,0.94,1
"435","1315_214",0,0,0,0.94,1,1
"436","1315_1316",0,0,0,0.94,0.936,0
"437","1316_1317",0,0,0,0.936,0.972,1
"438","1317_215",0,0,0,0.972,1,1
"439","1317_216",0,0,0,0.972,1,1
"440","1316_217",0,0,0,0.936,1,1
"441","1314_1318",0,0,0,0.924,0.926,1
"442","1318_1319",0,0,0,0.926,0.988,1
"443","1319_218",0,0,0,0.988,1,1
"444","1319_219",0,0,0,0.988,1,1
"445","1318_220",0,0,0,0.926,1,1
"446","1309_1320",0,0,0,0.932,0.92,0
"447","1320_1321",0,0,0,0.92,0.942,1
"448","1321_221",0,0,0,0.942,1,1
"449","1321_222",0,0,0,0.942,1,1
"450","1320_1322",0,0,0,0.92,0.924,1
"451","1322_223",0,0,0,0.924,1,1
"452","1322_1323",0,0,0,0.924,0.928,1
"453","1323_1324",0,0,0,0.928,0.928,0
"454","1324_1325",0,0,0,0.928,0.94,1
"455","1325_224",0,0,0,0.94,1,1
"456","1325_1326",0,0,0,0.94,0.986,1
"457","1326_225",0,0,0,0.986,1,1
"458","1326_226",0,0,0,0.986,1,1
"459","1324_1327",0,0,0,0.928,0.94,1
"460","1327_227",0,0,0,0.94,1,1
"461","1327_228",0,0,0,0.94,1,1
"462","1323_1328",0,0,0,0.928,0.928,0
"463","1328_1329",0,0,0,0.928,0.994,1
"464","1329_229",0,0,0,0.994,1,1
"465","1329_230",0,0,0,0.994,1,1
"466","1328_231",0,0,0,0.928,1,1
"467","1173_1330",0,0,0,0.918,0.944,1
"468","1330_1331",0,0,0,0.944,0.942,0
"469","1331_1332",0,0,0,0.942,0.926,0
"470","1332_232",0,0,0,0.926,1,1
"471","1332_233",0,0,0,0.926,1,1
"472","1331_1333",0,0,0,0.942,0.904,0
"473","1333_234",0,1,1,0.904,1,1
"474","1333_1334",0,0,0,0.904,0.922,1
"475","1334_1335",0,0,0,0.922,0.918,0
"476","1335_235",0,0,0,0.918,1,1
"477","1335_1336",0,0,0,0.918,0.924,1
"478","1336_1337",0,0,0,0.924,0.908,0
"479","1337_236",0,0,0,0.908,1,1
"480","1337_1338",0,0,0,0.908,0.926,1
"481","1338_237",0,0,0,0.926,1,1
"482","1338_1339",0,0,0,0.926,0.888,0
"483","1339_238",0,0,0,0.888,1,1
"484","1339_239",0,1,1,0.888,1,1
"485","1336_240",0,0,0,0.924,1,1
"486","1334_241",0,0,0,0.922,1,1
"487","1330_1340",0,0,0,0.944,0.942,0
"488","1340_242",0,0,0,0.942,1,1
"489","1340_243",0,0,0,0.942,1,1
"490","1151_1341",0,0,0,0.948,0.924,0
"491","1341_1342",0,0,0,0.924,0.938,1
"492","1342_244",0,0,0,0.938,1,1
"493","1342_1343",0,0,0,0.938,0.928,0
"494","1343_1344",0,0,0,0.928,0.968,1
"495","1344_245",0,0,0,0.968,1,1
"496","1344_246",0,0,0,0.968,1,1
"497","1343_1345",0,0,0,0.928,0.936,1
"498","1345_247",0,0,0,0.936,1,1
"499","1345_248",0,0,0,0.936,1,1
"500","1341_1346",0,0,0,0.924,0.976,1
"501","1346_249",0,0,0,0.976,1,1
"502","1346_1347",0,0,0,0.976,0.998,1
"503","1347_250",0,0,0,0.998,1,1
"504","1347_1348",0,0,0,0.998,0.998,0
"505","1348_251",0,0,0,0.998,1,1
"506","1348_1349",0,0,0,0.998,0.998,0
"507","1349_252",0,0,0,0.998,1,1
"508","1349_1350",0,0,0,0.998,0.992,0
"509","1350_253",0,0,0,0.992,1,1
"510","1350_254",0,0,0,0.992,1,1
"511","1142_1351",0,0,0,0.914,0.934,1
"512","1351_255",0,0,0,0.934,1,1
"513","1351_256",0,0,0,0.934,1,1
"514","1141_1352",0,0,0,0.924,0.922,0
"515","1352_1353",0,0,0,0.922,0.94,1
"516","1353_1354",0,0,0,0.94,0.94,0
"517","1354_1355",0,0,0,0.94,0.924,0
"518","1355_257",0,0,0,0.924,1,1
"519","1355_258",0,0,0,0.924,1,1
"520","1354_259",0,0,0,0.94,1,1
"521","1353_260",0,0,0,0.94,1,1
"522","1352_261",0,0,0,0.922,1,1
"523","1115_1356",0,0,0,0.938,0.908,0
"524","1356_262",0,0,0,0.908,1,1
"525","1356_1357",0,0,0,0.908,0.92,1
"526","1357_263",0,1,1,0.92,1,1
"527","1357_264",0,0,0,0.92,1,1
"528","1110_1358",0,0,0,0.942,0.938,0
"529","1358_1359",0,0,0,0.938,0.924,0
"530","1359_1360",0,0,0,0.924,0.916,0
"531","1360_1361",0,0,0,0.916,0.934,1
"532","1361_1362",0,0,0,0.934,0.938,1
"533","1362_1363",0,0,0,0.938,0.938,0
"534","1363_265",0,0,0,0.938,1,1
"535","1363_266",0,0,0,0.938,1,1
"536","1362_1364",0,0,0,0.938,0.934,0
"537","1364_1365",0,0,0,0.934,0.956,1
"538","1365_267",0,0,0,0.956,1,1
"539","1365_268",0,0,0,0.956,1,1
"540","1364_1366",0,0,0,0.934,0.964,1
"541","1366_269",0,0,0,0.964,1,1
"542","1366_1367",0,0,0,0.964,0.99,1
"543","1367_1368",0,0,0,0.99,0.986,0
"544","1368_270",0,0,0,0.986,1,1
"545","1368_1369",0,0,0,0.986,0.976,0
"546","1369_271",0,0,0,0.976,1,1
"547","1369_272",0,0,0,0.976,1,1
"548","1367_273",0,0,0,0.99,1,1
"549","1361_1370",0,0,0,0.934,0.956,1
"550","1370_1371",0,0,0,0.956,0.944,0
"551","1371_274",0,0,0,0.944,1,1
"552","1371_1372",0,0,0,0.944,0.944,0
"553","1372_1373",0,0,0,0.944,0.936,0
"554","1373_275",0,0,0,0.936,1,1
"555","1373_276",0,0,0,0.936,1,1
"556","1372_1374",0,0,0,0.944,0.944,0
"557","1374_1375",0,0,0,0.944,0.938,0
"558","1375_277",0,0,0,0.938,1,1
"559","1375_1376",0,0,0,0.938,0.942,1
"560","1376_278",0,0,0,0.942,1,1
"561","1376_279",0,0,0,0.942,1,1
"562","1374_280",0,0,0,0.944,1,1
"563","1370_281",0,0,0,0.956,1,1
"564","1360_1377",0,0,0,0.916,0.922,1
"565","1377_282",0,0,0,0.922,1,1
"566","1377_1378",0,0,0,0.922,0.936,1
"567","1378_1379",0,0,0,0.936,0.982,1
"568","1379_283",0,0,0,0.982,1,1
"569","1379_284",0,0,0,0.982,1,1
"570","1378_1380",0,0,0,0.936,0.934,0
"571","1380_1381",0,0,0,0.934,0.934,0
"572","1381_1382",0,0,0,0.934,0.91,0
"573","1382_285",0,0,0,0.91,1,1
"574","1382_1383",0,0,0,0.91,0.946,1
"575","1383_1384",0,0,0,0.946,0.964,1
"576","1384_1385",0,0,0,0.964,0.974,1
"577","1385_286",0,0,0,0.974,1,1
"578","1385_287",0,0,0,0.974,1,1
"579","1384_1386",0,0,0,0.964,0.97,1
"580","1386_1387",0,0,0,0.97,0.974,1
"581","1387_288",0,0,0,0.974,1,1
"582","1387_289",0,0,0,0.974,1,1
"583","1386_290",0,0,0,0.97,1,1
"584","1383_1388",0,0,0,0.946,0.948,1
"585","1388_1389",0,0,0,0.948,0.926,0
"586","1389_291",0,0,0,0.926,1,1
"587","1389_1390",0,0,0,0.926,0.934,1
"588","1390_1391",0,0,0,0.934,0.976,1
"589","1391_1392",0,0,0,0.976,0.99,1
"590","1392_292",0,0,0,0.99,1,1
"591","1392_293",0,0,0,0.99,1,1
"592","1391_1393",0,0,0,0.976,0.994,1
"593","1393_1394",0,0,0,0.994,0.998,1
"594","1394_294",0,0,0,0.998,1,1
"595","1394_1395",0,0,0,0.998,1,1
"596","1395_295",0,0,0,1,1,0
"597","1395_296",0,0,0,1,1,0
"598","1393_297",0,0,0,0.994,1,1
"599","1390_298",0,0,0,0.934,1,1
"600","1388_299",0,0,0,0.948,1,1
"601","1381_300",0,0,0,0.934,1,1
"602","1380_1396",0,0,0,0.934,0.94,1
"603","1396_1397",0,0,0,0.94,0.934,0
"604","1397_1398",0,0,0,0.934,0.942,1
"605","1398_301",0,0,0,0.942,1,1
"606","1398_302",0,0,0,0.942,1,1
"607","1397_303",0,0,0,0.934,1,1
"608","1396_1399",0,0,0,0.94,0.934,0
"609","1399_1400",0,0,0,0.934,0.946,1
"610","1400_304",0,0,0,0.946,1,1
"611","1400_1401",0,0,0,0.946,0.962,1
"612","1401_1402",0,0,0,0.962,0.966,1
"613","1402_305",0,0,0,0.966,1,1
"614","1402_306",0,0,0,0.966,1,1
"615","1401_307",0,0,0,0.962,1,1
"616","1399_1403",0,0,0,0.934,0.946,1
"617","1403_1404",0,0,0,0.946,0.956,1
"618","1404_1405",0,0,0,0.956,0.96,1
"619","1405_308",0,0,0,0.96,1,1
"620","1405_309",0,0,0,0.96,1,1
"621","1404_1406",0,0,0,0.956,0.954,0
"622","1406_310",0,0,0,0.954,1,1
"623","1406_1407",0,0,0,0.954,0.97,1
"624","1407_311",0,0,0,0.97,1,1
"625","1407_312",0,0,0,0.97,1,1
"626","1403_1408",0,0,0,0.946,0.944,0
"627","1408_313",0,0,0,0.944,1,1
"628","1408_314",0,0,0,0.944,1,1
"629","1359_1409",0,0,0,0.924,0.934,1
"630","1409_1410",0,0,0,0.934,0.93,0
"631","1410_1411",0,0,0,0.93,0.938,1
"632","1411_315",0,0,0,0.938,1,1
"633","1411_1412",0,0,0,0.938,0.982,1
"634","1412_316",0,0,0,0.982,1,1
"635","1412_1413",0,0,0,0.982,0.996,1
"636","1413_317",0,0,0,0.996,1,1
"637","1413_318",0,0,0,0.996,1,1
"638","1410_1414",0,0,0,0.93,0.932,1
"639","1414_1415",0,0,0,0.932,0.938,1
"640","1415_1416",0,0,0,0.938,0.952,1
"641","1416_319",0,0,0,0.952,1,1
"642","1416_320",0,0,0,0.952,1,1
"643","1415_321",0,0,0,0.938,1,1
"644","1414_1417",0,0,0,0.932,0.932,0
"645","1417_1418",0,0,0,0.932,0.902,0
"646","1418_322",0,0,0,0.902,1,1
"647","1418_1419",0,0,0,0.902,0.934,1
"648","1419_1420",0,0,0,0.934,0.978,1
"649","1420_323",0,0,0,0.978,1,1
"650","1420_324",0,0,0,0.978,1,1
"651","1419_1421",0,0,0,0.934,0.984,1
"652","1421_325",0,0,0,0.984,1,1
"653","1421_326",0,0,0,0.984,1,1
"654","1417_327",0,0,0,0.932,1,1
"655","1409_1422",0,0,0,0.934,0.942,1
"656","1422_1423",0,0,0,0.942,0.92,0
"657","1423_1424",0,0,0,0.92,0.93,1
"658","1424_1425",0,0,0,0.93,0.942,1
"659","1425_328",0,0,0,0.942,1,1
"660","1425_1426",0,0,0,0.942,0.964,1
"661","1426_329",0,0,0,0.964,1,1
"662","1426_330",0,0,0,0.964,1,1
"663","1424_331",0,0,0,0.93,1,1
"664","1423_1427",0,0,0,0.92,0.91,0
"665","1427_1428",0,0,0,0.91,0.916,1
"666","1428_332",0,0,0,0.916,1,1
"667","1428_333",0,0,0,0.916,1,1
"668","1427_334",0,0,0,0.91,1,1
"669","1422_1429",0,0,0,0.942,0.932,0
"670","1429_1430",0,0,0,0.932,0.922,0
"671","1430_1431",0,0,0,0.922,0.926,1
"672","1431_1432",0,0,0,0.926,0.904,0
"673","1432_335",0,0,0,0.904,1,1
"674","1432_1433",0,0,0,0.904,0.938,1
"675","1433_1434",0,0,0,0.938,0.952,1
"676","1434_336",0,0,0,0.952,1,1
"677","1434_337",0,0,0,0.952,1,1
"678","1433_1435",0,0,0,0.938,0.924,0
"679","1435_338",0,0,0,0.924,1,1
"680","1435_339",0,0,0,0.924,1,1
"681","1431_1436",0,0,0,0.926,0.936,1
"682","1436_340",0,0,0,0.936,1,1
"683","1436_1437",0,0,0,0.936,0.92,0
"684","1437_1438",0,0,0,0.92,0.924,1
"685","1438_1439",0,0,0,0.924,0.93,1
"686","1439_1440",0,0,0,0.93,0.914,0
"687","1440_1441",0,0,0,0.914,0.942,1
"688","1441_1442",0,0,0,0.942,0.952,1
"689","1442_1443",0,0,0,0.952,0.936,0
"690","1443_1444",0,0,0,0.936,0.94,1
"691","1444_1445",0,0,0,0.94,0.93,0
"692","1445_341",0,0,0,0.93,1,1
"693","1445_1446",0,0,0,0.93,0.924,0
"694","1446_1447",0,0,0,0.924,0.922,0
"695","1447_1448",0,0,0,0.922,0.976,1
"696","1448_342",0,0,0,0.976,1,1
"697","1448_343",0,0,0,0.976,1,1
"698","1447_1449",0,0,0,0.922,0.942,1
"699","1449_1450",0,0,0,0.942,0.97,1
"700","1450_1451",0,0,0,0.97,0.982,1
"701","1451_344",0,0,0,0.982,1,1
"702","1451_345",0,0,0,0.982,1,1
"703","1450_1452",0,0,0,0.97,0.978,1
"704","1452_346",0,0,0,0.978,1,1
"705","1452_1453",0,0,0,0.978,0.984,1
"706","1453_347",0,0,0,0.984,1,1
"707","1453_1454",0,0,0,0.984,0.998,1
"708","1454_348",0,0,0,0.998,1,1
"709","1454_349",0,0,0,0.998,1,1
"710","1449_1455",0,0,0,0.942,1,1
"711","1455_350",0,0,0,1,1,0
"712","1455_351",0,0,0,1,1,0
"713","1446_1456",0,0,0,0.924,0.938,1
"714","1456_352",0,0,0,0.938,1,1
"715","1456_353",0,0,0,0.938,1,1
"716","1444_1457",0,0,0,0.94,0.932,0
"717","1457_354",0,0,0,0.932,1,1
"718","1457_1458",0,0,0,0.932,0.93,0
"719","1458_1459",0,0,0,0.93,0.924,0
"720","1459_355",0,0,0,0.924,1,1
"721","1459_356",0,0,0,0.924,1,1
"722","1458_1460",0,0,0,0.93,0.94,1
"723","1460_1461",0,0,0,0.94,0.952,1
"724","1461_357",0,0,0,0.952,1,1
"725","1461_358",0,0,0,0.952,1,1
"726","1460_1462",0,0,0,0.94,0.95,1
"727","1462_359",0,0,0,0.95,1,1
"728","1462_360",0,0,0,0.95,1,1
"729","1443_1463",0,0,0,0.936,0.938,1
"730","1463_1464",0,0,0,0.938,0.94,1
"731","1464_361",0,0,0,0.94,1,1
"732","1464_1465",0,0,0,0.94,0.952,1
"733","1465_362",0,0,0,0.952,1,1
"734","1465_1466",0,0,0,0.952,0.962,1
"735","1466_363",0,0,0,0.962,1,1
"736","1466_364",0,0,0,0.962,1,1
"737","1463_1467",0,0,0,0.938,0.924,0
"738","1467_1468",0,0,0,0.924,0.926,1
"739","1468_365",0,0,0,0.926,1,1
"740","1468_1469",0,0,0,0.926,0.946,1
"741","1469_1470",0,0,0,0.946,0.98,1
"742","1470_1471",0,0,0,0.98,0.98,0
"743","1471_366",0,0,0,0.98,1,1
"744","1471_1472",0,0,0,0.98,0.99,1
"745","1472_367",0,0,0,0.99,1,1
"746","1472_368",0,0,0,0.99,1,1
"747","1470_369",0,0,0,0.98,1,1
"748","1469_370",0,0,0,0.946,1,1
"749","1467_1473",0,0,0,0.924,0.934,1
"750","1473_1474",0,0,0,0.934,0.936,1
"751","1474_371",0,0,0,0.936,1,1
"752","1474_1475",0,0,0,0.936,0.972,1
"753","1475_372",0,0,0,0.972,1,1
"754","1475_373",0,0,0,0.972,1,1
"755","1473_374",0,0,0,0.934,1,1
"756","1442_375",0,0,0,0.952,1,1
"757","1441_1476",0,0,0,0.942,0.922,0
"758","1476_376",0,0,0,0.922,1,1
"759","1476_377",0,0,0,0.922,1,1
"760","1440_1477",0,0,0,0.914,0.92,1
"761","1477_378",0,0,0,0.92,1,1
"762","1477_1478",0,0,0,0.92,0.914,0
"763","1478_1479",0,0,0,0.914,0.924,1
"764","1479_379",0,0,0,0.924,1,1
"765","1479_1480",0,0,0,0.924,0.998,1
"766","1480_380",0,0,0,0.998,1,1
"767","1480_381",0,0,0,0.998,1,1
"768","1478_382",0,0,0,0.914,1,1
"769","1439_1481",0,0,0,0.93,0.914,0
"770","1481_383",0,1,1,0.914,1,1
"771","1481_1482",0,0,0,0.914,0.936,1
"772","1482_384",0,0,0,0.936,1,1
"773","1482_1483",0,0,0,0.936,0.944,1
"774","1483_385",0,0,0,0.944,1,1
"775","1483_1484",0,0,0,0.944,0.99,1
"776","1484_386",0,0,0,0.99,1,1
"777","1484_1485",0,0,0,0.99,0.978,0
"778","1485_1486",0,0,0,0.978,0.952,0
"779","1486_1487",0,0,0,0.952,0.974,1
"780","1487_387",0,0,0,0.974,1,1
"781","1487_388",0,0,0,0.974,1,1
"782","1486_389",0,0,0,0.952,1,1
"783","1485_1488",0,0,0,0.978,0.978,0
"784","1488_390",0,0,0,0.978,1,1
"785","1488_391",0,0,0,0.978,1,1
"786","1438_1489",0,0,0,0.924,0.914,0
"787","1489_1490",0,0,0,0.914,0.924,1
"788","1490_1491",0,0,0,0.924,0.926,1
"789","1491_1492",0,0,0,0.926,0.942,1
"790","1492_1493",0,0,0,0.942,0.934,0
"791","1493_392",0,0,0,0.934,1,1
"792","1493_1494",0,0,0,0.934,0.914,0
"793","1494_1495",0,0,0,0.914,0.936,1
"794","1495_1496",0,0,0,0.936,0.942,1
"795","1496_393",0,0,0,0.942,1,1
"796","1496_1497",0,0,0,0.942,0.954,1
"797","1497_1498",0,0,0,0.954,0.96,1
"798","1498_394",0,0,0,0.96,1,1
"799","1498_1499",0,0,0,0.96,0.962,1
"800","1499_395",0,0,0,0.962,1,1
"801","1499_396",0,0,0,0.962,1,1
"802","1497_397",0,0,0,0.954,1,1
"803","1495_1500",0,0,0,0.936,0.922,0
"804","1500_398",0,1,1,0.922,1,1
"805","1500_1501",0,0,0,0.922,0.938,1
"806","1501_1502",0,0,0,0.938,0.976,1
"807","1502_1503",0,0,0,0.976,0.996,1
"808","1503_399",0,0,0,0.996,1,1
"809","1503_1504",0,0,0,0.996,1,1
"810","1504_400",0,0,0,1,1,0
"811","1504_401",0,0,0,1,1,0
"812","1502_1505",0,0,0,0.976,1,1
"813","1505_402",0,0,0,1,1,0
"814","1505_403",0,0,0,1,1,0
"815","1501_1506",0,0,0,0.938,0.968,1
"816","1506_404",0,0,0,0.968,1,1
"817","1506_405",0,0,0,0.968,1,1
"818","1494_1507",0,0,0,0.914,0.924,1
"819","1507_406",0,0,0,0.924,1,1
"820","1507_1508",0,0,0,0.924,0.92,0
"821","1508_1509",0,0,0,0.92,0.896,0
"822","1509_1510",0,0,0,0.896,0.602,0
"823","1510_407",0,1,1,0.602,1,1
"824","1510_408",0,0,0,0.602,1,1
"825","1509_1511",0,0,0,0.896,0.958,1
"826","1511_409",0,0,0,0.958,1,1
"827","1511_1512",0,0,0,0.958,0.962,1
"828","1512_410",0,0,0,0.962,1,1
"829","1512_1513",0,0,0,0.962,0.998,1
"830","1513_411",0,0,0,0.998,1,1
"831","1513_412",0,0,0,0.998,1,1
"832","1508_1514",0,0,0,0.92,0.92,0
"833","1514_1515",0,0,0,0.92,0.914,0
"834","1515_413",0,0,0,0.914,1,1
"835","1515_1516",0,0,0,0.914,0.942,1
"836","1516_414",0,0,0,0.942,1,1
"837","1516_415",0,0,0,0.942,1,1
"838","1514_1517",0,0,0,0.92,0.944,1
"839","1517_1518",0,0,0,0.944,0.966,1
"840","1518_1519",0,0,0,0.966,0.978,1
"841","1519_1520",0,0,0,0.978,0.984,1
"842","1520_1521",0,0,0,0.984,0.958,0
"843","1521_416",0,0,0,0.958,1,1
"844","1521_417",0,0,0,0.958,1,1
"845","1520_1522",0,0,0,0.984,0.982,0
"846","1522_1523",0,0,0,0.982,0.982,0
"847","1523_418",0,0,0,0.982,1,1
"848","1523_419",0,0,0,0.982,1,1
"849","1522_420",0,0,0,0.982,1,1
"850","1519_421",0,0,0,0.978,1,1
"851","1518_1524",0,0,0,0.966,0.96,0
"852","1524_422",0,0,0,0.96,1,1
"853","1524_1525",0,0,0,0.96,0.982,1
"854","1525_1526",0,0,0,0.982,0.97,0
"855","1526_423",0,0,0,0.97,1,1
"856","1526_424",0,0,0,0.97,1,1
"857","1525_1527",0,0,0,0.982,0.986,1
"858","1527_425",0,0,0,0.986,1,1
"859","1527_1528",0,0,0,0.986,0.988,1
"860","1528_1529",0,0,0,0.988,1,1
"861","1529_426",0,0,0,1,1,0
"862","1529_1530",0,0,0,1,1,0
"863","1530_427",0,0,0,1,1,0
"864","1530_1531",0,0,0,1,1,0
"865","1531_1532",0,0,0,1,1,0
"866","1532_428",0,0,0,1,1,0
"867","1532_429",0,0,0,1,1,0
"868","1531_1533",0,0,0,1,0.998,0
"869","1533_430",0,0,0,0.998,1,1
"870","1533_431",0,0,0,0.998,1,1
"871","1528_432",0,0,0,0.988,1,1
"872","1517_433",0,0,0,0.944,1,1
"873","1492_1534",0,0,0,0.942,0.936,0
"874","1534_434",0,0,0,0.936,1,1
"875","1534_1535",0,0,0,0.936,0.942,1
"876","1535_435",0,0,0,0.942,1,1
"877","1535_1536",0,0,0,0.942,0.936,0
"878","1536_436",0,0,0,0.936,1,1
"879","1536_1537",0,0,0,0.936,1,1
"880","1537_1538",0,0,0,1,1,0
"881","1538_437",0,0,0,1,1,0
"882","1538_438",0,0,0,1,1,0
"883","1537_439",0,0,0,1,1,0
"884","1491_440",0,0,0,0.926,1,1
"885","1490_441",0,0,0,0.924,1,1
"886","1489_1539",0,0,0,0.914,0.938,1
"887","1539_442",0,0,0,0.938,1,1
"888","1539_1540",0,0,0,0.938,0.918,0
"889","1540_443",0,0,0,0.918,1,1
"890","1540_1541",0,0,0,0.918,0.894,0
"891","1541_1542",0,0,0,0.894,0.726,0
"892","1542_444",0,1,1,0.726,1,1
"893","1542_445",0,0,0,0.726,1,1
"894","1541_1543",0,0,0,0.894,0.928,1
"895","1543_446",0,0,0,0.928,1,1
"896","1543_447",0,0,0,0.928,1,1
"897","1437_1544",0,0,0,0.92,0.926,1
"898","1544_1545",0,0,0,0.926,0.944,1
"899","1545_448",0,0,0,0.944,1,1
"900","1545_449",0,0,0,0.944,1,1
"901","1544_1546",0,0,0,0.926,0.952,1
"902","1546_450",0,0,0,0.952,1,1
"903","1546_451",0,0,0,0.952,1,1
"904","1430_452",0,0,0,0.922,1,1
"905","1429_1547",0,0,0,0.932,0.946,1
"906","1547_453",0,0,0,0.946,1,1
"907","1547_454",0,0,0,0.946,1,1
"908","1358_1548",0,0,0,0.938,0.944,1
"909","1548_1549",0,0,0,0.944,0.948,1
"910","1549_1550",0,0,0,0.948,0.924,0
"911","1550_1551",0,0,0,0.924,0.916,0
"912","1551_1552",0,0,0,0.916,0.95,1
"913","1552_455",0,0,0,0.95,1,1
"914","1552_1553",0,0,0,0.95,0.926,0
"915","1553_456",0,0,0,0.926,1,1
"916","1553_457",0,0,0,0.926,1,1
"917","1551_1554",0,0,0,0.916,0.946,1
"918","1554_458",0,0,0,0.946,1,1
"919","1554_459",0,0,0,0.946,1,1
"920","1550_1555",0,0,0,0.924,0.918,0
"921","1555_1556",0,0,0,0.918,0.942,1
"922","1556_1557",0,0,0,0.942,0.96,1
"923","1557_460",0,0,0,0.96,1,1
"924","1557_1558",0,0,0,0.96,0.932,0
"925","1558_461",0,0,0,0.932,1,1
"926","1558_462",0,0,0,0.932,1,1
"927","1556_1559",0,0,0,0.942,0.93,0
"928","1559_1560",0,0,0,0.93,0.978,1
"929","1560_463",0,0,0,0.978,1,1
"930","1560_1561",0,0,0,0.978,1,1
"931","1561_464",0,0,0,1,1,0
"932","1561_465",0,0,0,1,1,0
"933","1559_1562",0,0,0,0.93,0.946,1
"934","1562_1563",0,0,0,0.946,0.952,1
"935","1563_466",0,0,0,0.952,1,1
"936","1563_467",0,0,0,0.952,1,1
"937","1562_1564",0,0,0,0.946,0.99,1
"938","1564_1565",0,0,0,0.99,0.996,1
"939","1565_468",0,0,0,0.996,1,1
"940","1565_469",0,0,0,0.996,1,1
"941","1564_1566",0,0,0,0.99,0.99,0
"942","1566_470",0,0,0,0.99,1,1
"943","1566_471",0,0,0,0.99,1,1
"944","1555_1567",0,0,0,0.918,0.912,0
"945","1567_1568",0,0,0,0.912,0.948,1
"946","1568_472",0,0,0,0.948,1,1
"947","1568_1569",0,0,0,0.948,0.952,1
"948","1569_473",0,0,0,0.952,1,1
"949","1569_474",0,0,0,0.952,1,1
"950","1567_1570",0,0,0,0.912,0.904,0
"951","1570_475",0,0,0,0.904,1,1
"952","1570_476",0,0,0,0.904,1,1
"953","1549_1571",0,0,0,0.948,0.95,1
"954","1571_1572",0,0,0,0.95,0.928,0
"955","1572_1573",0,0,0,0.928,0.914,0
"956","1573_1574",0,0,0,0.914,0.928,1
"957","1574_1575",0,0,0,0.928,0.976,1
"958","1575_477",0,0,0,0.976,1,1
"959","1575_1576",0,0,0,0.976,0.988,1
"960","1576_478",0,0,0,0.988,1,1
"961","1576_1577",0,0,0,0.988,0.992,1
"962","1577_479",0,0,0,0.992,1,1
"963","1577_480",0,0,0,0.992,1,1
"964","1574_1578",0,0,0,0.928,0.922,0
"965","1578_1579",0,0,0,0.922,0.946,1
"966","1579_1580",0,0,0,0.946,0.96,1
"967","1580_481",0,0,0,0.96,1,1
"968","1580_482",0,0,0,0.96,1,1
"969","1579_1581",0,0,0,0.946,0.99,1
"970","1581_1582",0,0,0,0.99,0.994,1
"971","1582_483",0,0,0,0.994,1,1
"972","1582_484",0,0,0,0.994,1,1
"973","1581_485",0,0,0,0.99,1,1
"974","1578_1583",0,0,0,0.922,0.944,1
"975","1583_1584",0,0,0,0.944,0.934,0
"976","1584_1585",0,0,0,0.934,0.962,1
"977","1585_486",0,0,0,0.962,1,1
"978","1585_487",0,0,0,0.962,1,1
"979","1584_488",0,0,0,0.934,1,1
"980","1583_1586",0,0,0,0.944,0.946,1
"981","1586_1587",0,0,0,0.946,0.912,0
"982","1587_1588",0,0,0,0.912,0.932,1
"983","1588_489",0,0,0,0.932,1,1
"984","1588_490",0,0,0,0.932,1,1
"985","1587_1589",0,0,0,0.912,0.934,1
"986","1589_1590",0,0,0,0.934,0.976,1
"987","1590_491",0,0,0,0.976,1,1
"988","1590_492",0,0,0,0.976,1,1
"989","1589_1591",0,0,0,0.934,0.924,0
"990","1591_493",0,0,0,0.924,1,1
"991","1591_494",0,0,0,0.924,1,1
"992","1586_1592",0,0,0,0.946,0.916,0
"993","1592_1593",0,0,0,0.916,0.93,1
"994","1593_495",0,0,0,0.93,1,1
"995","1593_1594",0,0,0,0.93,0.932,1
"996","1594_496",0,0,0,0.932,1,1
"997","1594_497",0,0,0,0.932,1,1
"998","1592_498",0,0,0,0.916,1,1
"999","1573_1595",0,0,0,0.914,0.944,1
"1000","1595_499",0,0,0,0.944,1,1
"1001","1595_1596",0,0,0,0.944,0.932,0
"1002","1596_500",0,0,0,0.932,1,1
"1003","1596_1597",0,0,0,0.932,0.984,1
"1004","1597_1598",0,0,0,0.984,1,1
"1005","1598_501",0,0,0,1,1,0
"1006","1598_502",0,0,0,1,1,0
"1007","1597_503",0,0,0,0.984,1,1
"1008","1572_504",0,0,0,0.928,1,1
"1009","1571_1599",0,0,0,0.95,0.958,1
"1010","1599_505",0,0,0,0.958,1,1
"1011","1599_1600",0,0,0,0.958,0.928,0
"1012","1600_1601",0,0,0,0.928,0.926,0
"1013","1601_506",0,0,0,0.926,1,1
"1014","1601_1602",0,0,0,0.926,0.932,1
"1015","1602_1603",0,0,0,0.932,0.934,1
"1016","1603_507",0,0,0,0.934,1,1
"1017","1603_508",0,0,0,0.934,1,1
"1018","1602_1604",0,0,0,0.932,0.932,0
"1019","1604_1605",0,0,0,0.932,0.962,1
"1020","1605_509",0,0,0,0.962,1,1
"1021","1605_510",0,0,0,0.962,1,1
"1022","1604_1606",0,0,0,0.932,0.938,1
"1023","1606_1607",0,0,0,0.938,0.954,1
"1024","1607_511",0,0,0,0.954,1,1
"1025","1607_512",0,0,0,0.954,1,1
"1026","1606_1608",0,0,0,0.938,0.94,1
"1027","1608_1609",0,0,0,0.94,0.97,1
"1028","1609_513",0,0,0,0.97,1,1
"1029","1609_514",0,0,0,0.97,1,1
"1030","1608_1610",0,0,0,0.94,0.942,1
"1031","1610_515",0,0,0,0.942,1,1
"1032","1610_516",0,0,0,0.942,1,1
"1033","1600_1611",0,0,0,0.928,0.944,1
"1034","1611_1612",0,0,0,0.944,0.93,0
"1035","1612_1613",0,0,0,0.93,0.932,1
"1036","1613_1614",0,0,0,0.932,0.932,0
"1037","1614_1615",0,0,0,0.932,0.932,0
"1038","1615_517",0,0,0,0.932,1,1
"1039","1615_518",0,0,0,0.932,1,1
"1040","1614_1616",0,0,0,0.932,0.932,0
"1041","1616_1617",0,0,0,0.932,0.926,0
"1042","1617_1618",0,0,0,0.926,0.936,1
"1043","1618_519",0,0,0,0.936,1,1
"1044","1618_520",0,0,0,0.936,1,1
"1045","1617_521",0,0,0,0.926,1,1
"1046","1616_1619",0,0,0,0.932,0.928,0
"1047","1619_522",0,0,0,0.928,1,1
"1048","1619_1620",0,0,0,0.928,0.916,0
"1049","1620_523",0,0,0,0.916,1,1
"1050","1620_524",0,0,0,0.916,1,1
"1051","1613_1621",0,0,0,0.932,0.926,0
"1052","1621_525",0,0,0,0.926,1,1
"1053","1621_1622",0,0,0,0.926,0.924,0
"1054","1622_526",0,0,0,0.924,1,1
"1055","1622_527",0,0,0,0.924,1,1
"1056","1612_1623",0,0,0,0.93,0.922,0
"1057","1623_1624",0,0,0,0.922,0.914,0
"1058","1624_1625",0,0,0,0.914,0.932,1
"1059","1625_528",0,0,0,0.932,1,1
"1060","1625_1626",0,0,0,0.932,0.93,0
"1061","1626_529",0,0,0,0.93,1,1
"1062","1626_530",0,0,0,0.93,1,1
"1063","1624_1627",0,0,0,0.914,0.93,1
"1064","1627_1628",0,0,0,0.93,0.936,1
"1065","1628_1629",0,0,0,0.936,0.934,0
"1066","1629_1630",0,0,0,0.934,0.928,0
"1067","1630_531",0,0,0,0.928,1,1
"1068","1630_1631",0,0,0,0.928,0.93,1
"1069","1631_1632",0,0,0,0.93,0.924,0
"1070","1632_1633",0,0,0,0.924,0.92,0
"1071","1633_532",0,0,0,0.92,1,1
"1072","1633_1634",0,0,0,0.92,0.932,1
"1073","1634_533",0,0,0,0.932,1,1
"1074","1634_534",0,0,0,0.932,1,1
"1075","1632_1635",0,0,0,0.924,0.95,1
"1076","1635_535",0,0,0,0.95,1,1
"1077","1635_536",0,0,0,0.95,1,1
"1078","1631_1636",0,0,0,0.93,0.938,1
"1079","1636_1637",0,0,0,0.938,0.954,1
"1080","1637_1638",0,0,0,0.954,0.95,0
"1081","1638_1639",0,0,0,0.95,0.95,0
"1082","1639_537",0,0,0,0.95,1,1
"1083","1639_538",0,0,0,0.95,1,1
"1084","1638_1640",0,0,0,0.95,0.966,1
"1085","1640_1641",0,0,0,0.966,0.97,1
"1086","1641_539",0,0,0,0.97,1,1
"1087","1641_540",0,0,0,0.97,1,1
"1088","1640_541",0,0,0,0.966,1,1
"1089","1637_1642",0,0,0,0.954,0.926,0
"1090","1642_542",0,0,0,0.926,1,1
"1091","1642_1643",0,0,0,0.926,0.932,1
"1092","1643_543",0,0,0,0.932,1,1
"1093","1643_1644",0,0,0,0.932,0.932,0
"1094","1644_544",0,0,0,0.932,1,1
"1095","1644_545",0,0,0,0.932,1,1
"1096","1636_546",0,0,0,0.938,1,1
"1097","1629_547",0,0,0,0.934,1,1
"1098","1628_548",0,1,1,0.936,1,1
"1099","1627_1645",0,0,0,0.93,0.934,1
"1100","1645_549",0,0,0,0.934,1,1
"1101","1645_1646",0,0,0,0.934,0.942,1
"1102","1646_1647",0,0,0,0.942,0.916,0
"1103","1647_1648",0,0,0,0.916,0.948,1
"1104","1648_1649",0,0,0,0.948,0.958,1
"1105","1649_550",0,0,0,0.958,1,1
"1106","1649_551",0,0,0,0.958,1,1
"1107","1648_1650",0,0,0,0.948,0.934,0
"1108","1650_552",0,0,0,0.934,1,1
"1109","1650_553",0,0,0,0.934,1,1
"1110","1647_1651",0,0,0,0.916,0.922,1
"1111","1651_554",0,0,0,0.922,1,1
"1112","1651_1652",0,0,0,0.922,0.93,1
"1113","1652_1653",0,0,0,0.93,0.936,1
"1114","1653_555",0,0,0,0.936,1,1
"1115","1653_1654",0,0,0,0.936,0.996,1
"1116","1654_556",0,0,0,0.996,1,1
"1117","1654_557",0,0,0,0.996,1,1
"1118","1652_558",0,0,0,0.93,1,1
"1119","1646_1655",0,0,0,0.942,0.928,0
"1120","1655_1656",0,0,0,0.928,0.926,0
"1121","1656_1657",0,0,0,0.926,0.924,0
"1122","1657_1658",0,0,0,0.924,0.944,1
"1123","1658_1659",0,0,0,0.944,0.968,1
"1124","1659_559",0,0,0,0.968,1,1
"1125","1659_560",0,0,0,0.968,1,1
"1126","1658_1660",0,0,0,0.944,0.946,1
"1127","1660_561",0,0,0,0.946,1,1
"1128","1660_562",0,0,0,0.946,1,1
"1129","1657_1661",0,0,0,0.924,0.904,0
"1130","1661_1662",0,0,0,0.904,0.944,1
"1131","1662_563",0,0,0,0.944,1,1
"1132","1662_1663",0,0,0,0.944,0.948,1
"1133","1663_564",0,0,0,0.948,1,1
"1134","1663_1664",0,0,0,0.948,0.97,1
"1135","1664_565",0,0,0,0.97,1,1
"1136","1664_566",0,0,0,0.97,1,1
"1137","1661_1665",0,0,0,0.904,0.906,1
"1138","1665_1666",0,0,0,0.906,0.922,1
"1139","1666_567",0,0,0,0.922,1,1
"1140","1666_568",0,0,0,0.922,1,1
"1141","1665_1667",0,0,0,0.906,0.926,1
"1142","1667_569",0,0,0,0.926,1,1
"1143","1667_1668",0,0,0,0.926,0.824,0
"1144","1668_570",0,0,0,0.824,1,1
"1145","1668_571",0,1,1,0.824,1,1
"1146","1656_1669",0,0,0,0.926,0.94,1
"1147","1669_572",0,0,0,0.94,1,1
"1148","1669_573",0,0,0,0.94,1,1
"1149","1655_574",0,0,0,0.928,1,1
"1150","1623_1670",0,0,0,0.922,0.942,1
"1151","1670_1671",0,0,0,0.942,0.93,0
"1152","1671_575",0,0,0,0.93,1,1
"1153","1671_1672",0,0,0,0.93,0.944,1
"1154","1672_576",0,0,0,0.944,1,1
"1155","1672_577",0,0,0,0.944,1,1
"1156","1670_1673",0,0,0,0.942,0.91,0
"1157","1673_578",0,0,0,0.91,1,1
"1158","1673_579",0,0,0,0.91,1,1
"1159","1611_1674",0,0,0,0.944,0.936,0
"1160","1674_1675",0,0,0,0.936,0.976,1
"1161","1675_580",0,0,0,0.976,1,1
"1162","1675_581",0,0,0,0.976,1,1
"1163","1674_582",0,0,0,0.936,1,1
"1164","1548_1676",0,0,0,0.944,0.928,0
"1165","1676_1677",0,0,0,0.928,0.918,0
"1166","1677_583",0,0,0,0.918,1,1
"1167","1677_584",0,0,0,0.918,1,1
"1168","1676_1678",0,0,0,0.928,0.932,1
"1169","1678_1679",0,0,0,0.932,0.922,0
"1170","1679_585",0,0,0,0.922,1,1
"1171","1679_1680",0,0,0,0.922,0.94,1
"1172","1680_1681",0,0,0,0.94,0.924,0
"1173","1681_1682",0,0,0,0.924,0.922,0
"1174","1682_586",0,0,0,0.922,1,1
"1175","1682_1683",0,0,0,0.922,0.93,1
"1176","1683_587",0,0,0,0.93,1,1
"1177","1683_588",0,0,0,0.93,1,1
"1178","1681_589",0,0,0,0.924,1,1
"1179","1680_1684",0,0,0,0.94,0.932,0
"1180","1684_1685",0,0,0,0.932,0.93,0
"1181","1685_1686",0,0,0,0.93,0.938,1
"1182","1686_590",0,0,0,0.938,1,1
"1183","1686_591",0,0,0,0.938,1,1
"1184","1685_1687",0,0,0,0.93,0.938,1
"1185","1687_592",0,0,0,0.938,1,1
"1186","1687_1688",0,0,0,0.938,0.948,1
"1187","1688_1689",0,0,0,0.948,0.924,0
"1188","1689_1690",0,0,0,0.924,0.908,0
"1189","1690_1691",0,0,0,0.908,0.946,1
"1190","1691_1692",0,0,0,0.946,0.962,1
"1191","1692_593",0,0,0,0.962,1,1
"1192","1692_594",0,0,0,0.962,1,1
"1193","1691_595",0,0,0,0.946,1,1
"1194","1690_1693",0,0,0,0.908,0.88,0
"1195","1693_596",0,1,1,0.88,1,1
"1196","1693_597",0,0,0,0.88,1,1
"1197","1689_1694",0,0,0,0.924,0.936,1
"1198","1694_1695",0,0,0,0.936,0.938,1
"1199","1695_1696",0,0,0,0.938,0.934,0
"1200","1696_1697",0,0,0,0.934,0.924,0
"1201","1697_1698",0,0,0,0.924,0.896,0
"1202","1698_1699",0,0,0,0.896,0.938,1
"1203","1699_598",0,0,0,0.938,1,1
"1204","1699_599",0,0,0,0.938,1,1
"1205","1698_1700",0,0,0,0.896,0.912,1
"1206","1700_600",0,0,0,0.912,1,1
"1207","1700_601",0,0,0,0.912,1,1
"1208","1697_1701",0,0,0,0.924,0.932,1
"1209","1701_602",0,0,0,0.932,1,1
"1210","1701_1702",0,0,0,0.932,0.996,1
"1211","1702_603",0,0,0,0.996,1,1
"1212","1702_604",0,0,0,0.996,1,1
"1213","1696_1703",0,0,0,0.934,0.972,1
"1214","1703_605",0,0,0,0.972,1,1
"1215","1703_606",0,0,0,0.972,1,1
"1216","1695_1704",0,0,0,0.938,0.936,0
"1217","1704_607",0,0,0,0.936,1,1
"1218","1704_1705",0,0,0,0.936,0.996,1
"1219","1705_1706",0,0,0,0.996,0.998,1
"1220","1706_608",0,0,0,0.998,1,1
"1221","1706_609",0,0,0,0.998,1,1
"1222","1705_610",0,0,0,0.996,1,1
"1223","1694_1707",0,0,0,0.936,0.934,0
"1224","1707_1708",0,0,0,0.934,0.928,0
"1225","1708_611",0,0,0,0.928,1,1
"1226","1708_1709",0,0,0,0.928,0.936,1
"1227","1709_612",0,0,0,0.936,1,1
"1228","1709_1710",0,0,0,0.936,1,1
"1229","1710_613",0,0,0,1,1,0
"1230","1710_1711",0,0,0,1,1,0
"1231","1711_614",0,0,0,1,1,0
"1232","1711_1712",0,0,0,1,1,0
"1233","1712_1713",0,0,0,1,1,0
"1234","1713_1714",0,0,0,1,1,0
"1235","1714_615",0,0,0,1,1,0
"1236","1714_1715",0,0,0,1,1,0
"1237","1715_616",0,0,0,1,1,0
"1238","1715_617",0,0,0,1,1,0
"1239","1713_1716",0,0,0,1,0.998,0
"1240","1716_1717",0,0,0,0.998,0.998,0
"1241","1717_618",0,0,0,0.998,1,1
"1242","1717_619",0,0,0,0.998,1,1
"1243","1716_620",0,0,0,0.998,1,1
"1244","1712_1718",0,0,0,1,1,0
"1245","1718_621",0,0,0,1,1,0
"1246","1718_1719",0,0,0,1,0.996,0
"1247","1719_622",0,0,0,0.996,1,1
"1248","1719_623",0,0,0,0.996,1,1
"1249","1707_624",0,0,0,0.934,1,1
"1250","1688_625",0,0,0,0.948,1,1
"1251","1684_1720",0,0,0,0.932,0.94,1
"1252","1720_1721",0,0,0,0.94,0.95,1
"1253","1721_626",0,0,0,0.95,1,1
"1254","1721_627",0,0,0,0.95,1,1
"1255","1720_1722",0,0,0,0.94,0.936,0
"1256","1722_1723",0,0,0,0.936,0.922,0
"1257","1723_628",0,0,0,0.922,1,1
"1258","1723_1724",0,0,0,0.922,0.946,1
"1259","1724_1725",0,0,0,0.946,0.99,1
"1260","1725_629",0,0,0,0.99,1,1
"1261","1725_630",0,0,0,0.99,1,1
"1262","1724_1726",0,0,0,0.946,0.948,1
"1263","1726_631",0,0,0,0.948,1,1
"1264","1726_632",0,0,0,0.948,1,1
"1265","1722_1727",0,0,0,0.936,0.928,0
"1266","1727_1728",0,0,0,0.928,0.966,1
"1267","1728_633",0,0,0,0.966,1,1
"1268","1728_634",0,0,0,0.966,1,1
"1269","1727_635",0,0,0,0.928,1,1
"1270","1678_1729",0,0,0,0.932,0.914,0
"1271","1729_1730",0,0,0,0.914,0.934,1
"1272","1730_636",0,0,0,0.934,1,1
"1273","1730_1731",0,0,0,0.934,0.924,0
"1274","1731_637",0,0,0,0.924,1,1
"1275","1731_1732",0,0,0,0.924,0.918,0
"1276","1732_638",0,0,0,0.918,1,1
"1277","1732_1733",0,0,0,0.918,0.926,1
"1278","1733_639",0,0,0,0.926,1,1
"1279","1733_1734",0,0,0,0.926,0.952,1
"1280","1734_640",0,0,0,0.952,1,1
"1281","1734_1735",0,0,0,0.952,0.948,0
"1282","1735_641",0,0,0,0.948,1,1
"1283","1735_1736",0,0,0,0.948,0.94,0
"1284","1736_642",0,0,0,0.94,1,1
"1285","1736_643",0,0,0,0.94,1,1
"1286","1729_1737",0,0,0,0.914,0.912,0
"1287","1737_1738",0,0,0,0.912,0.922,1
"1288","1738_1739",0,0,0,0.922,0.902,0
"1289","1739_644",0,0,0,0.902,1,1
"1290","1739_1740",0,0,0,0.902,0.92,1
"1291","1740_1741",0,0,0,0.92,0.936,1
"1292","1741_645",0,0,0,0.936,1,1
"1293","1741_646",0,0,0,0.936,1,1
"1294","1740_1742",0,0,0,0.92,0.93,1
"1295","1742_1743",0,0,0,0.93,0.936,1
"1296","1743_647",0,0,0,0.936,1,1
"1297","1743_648",0,0,0,0.936,1,1
"1298","1742_1744",0,0,0,0.93,0.952,1
"1299","1744_1745",0,0,0,0.952,0.966,1
"1300","1745_649",0,0,0,0.966,1,1
"1301","1745_650",0,0,0,0.966,1,1
"1302","1744_1746",0,0,0,0.952,0.98,1
"1303","1746_651",0,0,0,0.98,1,1
"1304","1746_652",0,0,0,0.98,1,1
"1305","1738_1747",0,0,0,0.922,0.92,0
"1306","1747_1748",0,0,0,0.92,0.94,1
"1307","1748_1749",0,0,0,0.94,0.924,0
"1308","1749_1750",0,0,0,0.924,0.93,1
"1309","1750_653",0,0,0,0.93,1,1
"1310","1750_654",0,0,0,0.93,1,1
"1311","1749_1751",0,0,0,0.924,0.928,1
"1312","1751_1752",0,0,0,0.928,0.926,0
"1313","1752_1753",0,0,0,0.926,0.932,1
"1314","1753_655",0,0,0,0.932,1,1
"1315","1753_656",0,0,0,0.932,1,1
"1316","1752_1754",0,0,0,0.926,0.952,1
"1317","1754_657",0,0,0,0.952,1,1
"1318","1754_658",0,0,0,0.952,1,1
"1319","1751_1755",0,0,0,0.928,0.932,1
"1320","1755_659",0,0,0,0.932,1,1
"1321","1755_1756",0,0,0,0.932,0.93,0
"1322","1756_660",0,0,0,0.93,1,1
"1323","1756_661",0,0,0,0.93,1,1
"1324","1748_1757",0,0,0,0.94,0.93,0
"1325","1757_662",0,0,0,0.93,1,1
"1326","1757_1758",0,0,0,0.93,0.928,0
"1327","1758_663",0,0,0,0.928,1,1
"1328","1758_664",0,0,0,0.928,1,1
"1329","1747_1759",0,0,0,0.92,0.916,0
"1330","1759_1760",0,0,0,0.916,0.922,1
"1331","1760_1761",0,0,0,0.922,0.922,0
"1332","1761_665",0,0,0,0.922,1,1
"1333","1761_666",0,0,0,0.922,1,1
"1334","1760_1762",0,0,0,0.922,0.942,1
"1335","1762_667",0,0,0,0.942,1,1
"1336","1762_668",0,0,0,0.942,1,1
"1337","1759_1763",0,0,0,0.916,0.946,1
"1338","1763_669",0,0,0,0.946,1,1
"1339","1763_1764",0,0,0,0.946,0.93,0
"1340","1764_670",0,0,0,0.93,1,1
"1341","1764_1765",0,0,0,0.93,0.912,0
"1342","1765_671",0,0,0,0.912,1,1
"1343","1765_672",0,0,0,0.912,1,1
"1344","1737_1766",0,0,0,0.912,0.922,1
"1345","1766_1767",0,0,0,0.922,0.924,1
"1346","1767_1768",0,0,0,0.924,0.926,1
"1347","1768_673",0,0,0,0.926,1,1
"1348","1768_674",0,0,0,0.926,1,1
"1349","1767_1769",0,0,0,0.924,0.934,1
"1350","1769_1770",0,0,0,0.934,0.942,1
"1351","1770_1771",0,0,0,0.942,0.946,1
"1352","1771_675",0,0,0,0.946,1,1
"1353","1771_1772",0,0,0,0.946,0.994,1
"1354","1772_676",0,0,0,0.994,1,1
"1355","1772_677",0,0,0,0.994,1,1
"1356","1770_678",0,0,0,0.942,1,1
"1357","1769_1773",0,0,0,0.934,0.944,1
"1358","1773_679",0,0,0,0.944,1,1
"1359","1773_680",0,0,0,0.944,1,1
"1360","1766_1774",0,0,0,0.922,0.928,1
"1361","1774_1775",0,0,0,0.928,0.934,1
"1362","1775_1776",0,0,0,0.934,0.914,0
"1363","1776_681",0,0,0,0.914,1,1
"1364","1776_1777",0,0,0,0.914,0.964,1
"1365","1777_682",0,0,0,0.964,1,1
"1366","1777_683",0,0,0,0.964,1,1
"1367","1775_1778",0,0,0,0.934,0.946,1
"1368","1778_1779",0,0,0,0.946,0.924,0
"1369","1779_1780",0,0,0,0.924,0.918,0
"1370","1780_1781",0,0,0,0.918,0.92,1
"1371","1781_684",0,0,0,0.92,1,1
"1372","1781_1782",0,0,0,0.92,0.938,1
"1373","1782_1783",0,0,0,0.938,0.982,1
"1374","1783_685",0,0,0,0.982,1,1
"1375","1783_686",0,0,0,0.982,1,1
"1376","1782_1784",0,0,0,0.938,0.924,0
"1377","1784_687",0,0,0,0.924,1,1
"1378","1784_1785",0,0,0,0.924,0.988,1
"1379","1785_688",0,0,0,0.988,1,1
"1380","1785_689",0,0,0,0.988,1,1
"1381","1780_1786",0,0,0,0.918,0.932,1
"1382","1786_1787",0,0,0,0.932,0.942,1
"1383","1787_1788",0,0,0,0.942,0.948,1
"1384","1788_1789",0,0,0,0.948,0.93,0
"1385","1789_690",0,0,0,0.93,1,1
"1386","1789_1790",0,0,0,0.93,0.942,1
"1387","1790_1791",0,0,0,0.942,0.94,0
"1388","1791_1792",0,0,0,0.94,0.918,0
"1389","1792_691",0,0,0,0.918,1,1
"1390","1792_1793",0,0,0,0.918,0.96,1
"1391","1793_1794",0,0,0,0.96,0.984,1
"1392","1794_1795",0,0,0,0.984,0.984,0
"1393","1795_692",0,0,0,0.984,1,1
"1394","1795_1796",0,0,0,0.984,0.996,1
"1395","1796_693",0,0,0,0.996,1,1
"1396","1796_694",0,0,0,0.996,1,1
"1397","1794_1797",0,0,0,0.984,0.988,1
"1398","1797_1798",0,0,0,0.988,0.988,0
"1399","1798_695",0,0,0,0.988,1,1
"1400","1798_696",0,0,0,0.988,1,1
"1401","1797_697",0,0,0,0.988,1,1
"1402","1793_1799",0,0,0,0.96,0.99,1
"1403","1799_1800",0,0,0,0.99,0.998,1
"1404","1800_698",0,0,0,0.998,1,1
"1405","1800_699",0,0,0,0.998,1,1
"1406","1799_1801",0,0,0,0.99,0.994,1
"1407","1801_700",0,0,0,0.994,1,1
"1408","1801_1802",0,0,0,0.994,1,1
"1409","1802_701",0,0,0,1,1,0
"1410","1802_702",0,0,0,1,1,0
"1411","1791_1803",0,0,0,0.94,0.916,0
"1412","1803_703",0,0,0,0.916,1,1
"1413","1803_1804",0,0,0,0.916,0.922,1
"1414","1804_1805",0,0,0,0.922,0.928,1
"1415","1805_1806",0,0,0,0.928,0.928,0
"1416","1806_1807",0,0,0,0.928,0.99,1
"1417","1807_704",0,0,0,0.99,1,1
"1418","1807_705",0,0,0,0.99,1,1
"1419","1806_1808",0,0,0,0.928,0.96,1
"1420","1808_1809",0,0,0,0.96,0.954,0
"1421","1809_706",0,0,0,0.954,1,1
"1422","1809_1810",0,0,0,0.954,0.964,1
"1423","1810_1811",0,0,0,0.964,0.97,1
"1424","1811_1812",0,0,0,0.97,0.99,1
"1425","1812_707",0,0,0,0.99,1,1
"1426","1812_1813",0,0,0,0.99,0.994,1
"1427","1813_708",0,0,0,0.994,1,1
"1428","1813_709",0,0,0,0.994,1,1
"1429","1811_710",0,0,0,0.97,1,1
"1430","1810_711",0,0,0,0.964,1,1
"1431","1808_1814",0,0,0,0.96,0.956,0
"1432","1814_712",0,0,0,0.956,1,1
"1433","1814_1815",0,0,0,0.956,0.954,0
"1434","1815_713",0,0,0,0.954,1,1
"1435","1815_1816",0,0,0,0.954,0.998,1
"1436","1816_714",0,0,0,0.998,1,1
"1437","1816_1817",0,0,0,0.998,1,1
"1438","1817_715",0,0,0,1,1,0
"1439","1817_716",0,0,0,1,1,0
"1440","1805_1818",0,0,0,0.928,0.934,1
"1441","1818_1819",0,0,0,0.934,0.946,1
"1442","1819_717",0,0,0,0.946,1,1
"1443","1819_1820",0,0,0,0.946,0.936,0
"1444","1820_1821",0,0,0,0.936,0.952,1
"1445","1821_1822",0,0,0,0.952,1,1
"1446","1822_718",0,1,1,1,1,0
"1447","1822_719",0,0,0,1,1,0
"1448","1821_1823",0,0,0,0.952,0.944,0
"1449","1823_1824",0,0,0,0.944,0.938,0
"1450","1824_1825",0,0,0,0.938,0.732,0
"1451","1825_720",0,1,1,0.732,1,1
"1452","1825_721",0,0,0,0.732,1,1
"1453","1824_722",0,0,0,0.938,1,1
"1454","1823_1826",0,0,0,0.944,0.976,1
"1455","1826_723",0,0,0,0.976,1,1
"1456","1826_724",0,0,0,0.976,1,1
"1457","1820_1827",0,0,0,0.936,0.932,0
"1458","1827_1828",0,0,0,0.932,0.96,1
"1459","1828_725",0,0,0,0.96,1,1
"1460","1828_726",0,0,0,0.96,1,1
"1461","1827_1829",0,0,0,0.932,0.92,0
"1462","1829_1830",0,0,0,0.92,0.764,0
"1463","1830_727",0,1,1,0.764,1,1
"1464","1830_1831",0,0,0,0.764,0.93,1
"1465","1831_728",0,0,0,0.93,1,1
"1466","1831_729",0,0,0,0.93,1,1
"1467","1829_730",0,0,0,0.92,1,1
"1468","1818_1832",0,0,0,0.934,0.808,0
"1469","1832_1833",0,0,0,0.808,0.708,0
"1470","1833_1834",0,0,0,0.708,0.658,0
"1471","1834_731",0,0,0,0.658,1,1
"1472","1834_732",0,1,1,0.658,1,1
"1473","1833_733",0,1,1,0.708,1,1
"1474","1832_1835",0,0,0,0.808,0.936,1
"1475","1835_1836",0,0,0,0.936,0.988,1
"1476","1836_734",0,0,0,0.988,1,1
"1477","1836_1837",0,0,0,0.988,0.996,1
"1478","1837_735",0,0,0,0.996,1,1
"1479","1837_736",0,0,0,0.996,1,1
"1480","1835_1838",0,0,0,0.936,0.932,0
"1481","1838_1839",0,0,0,0.932,0.928,0
"1482","1839_737",0,0,0,0.928,1,1
"1483","1839_1840",0,0,0,0.928,0.996,1
"1484","1840_738",0,0,0,0.996,1,1
"1485","1840_739",0,0,0,0.996,1,1
"1486","1838_1841",0,0,0,0.932,0.922,0
"1487","1841_1842",0,0,0,0.922,1,1
"1488","1842_740",0,0,0,1,1,0
"1489","1842_741",0,0,0,1,1,0
"1490","1841_1843",0,0,0,0.922,0.93,1
"1491","1843_1844",0,0,0,0.93,0.964,1
"1492","1844_1845",0,0,0,0.964,0.992,1
"1493","1845_742",0,0,0,0.992,1,1
"1494","1845_743",0,0,0,0.992,1,1
"1495","1844_1846",0,0,0,0.964,1,1
"1496","1846_1847",0,0,0,1,1,0
"1497","1847_744",0,0,0,1,1,0
"1498","1847_745",0,0,0,1,1,0
"1499","1846_746",0,0,0,1,1,0
"1500","1843_1848",0,0,0,0.93,0.916,0
"1501","1848_1849",0,0,0,0.916,0.928,1
"1502","1849_1850",0,0,0,0.928,0.956,1
"1503","1850_1851",0,0,0,0.956,0.984,1
"1504","1851_1852",0,0,0,0.984,1,1
"1505","1852_747",0,0,0,1,1,0
"1506","1852_748",0,0,0,1,1,0
"1507","1851_1853",0,0,0,0.984,0.982,0
"1508","1853_1854",0,0,0,0.982,0.98,0
"1509","1854_749",0,1,1,0.98,1,1
"1510","1854_750",0,0,0,0.98,1,1
"1511","1853_751",0,0,0,0.982,1,1
"1512","1850_1855",0,0,0,0.956,0.972,1
"1513","1855_752",0,0,0,0.972,1,1
"1514","1855_753",0,0,0,0.972,1,1
"1515","1849_1856",0,0,0,0.928,0.93,1
"1516","1856_754",0,0,0,0.93,1,1
"1517","1856_1857",0,0,0,0.93,0.902,0
"1518","1857_1858",0,0,0,0.902,0.884,0
"1519","1858_1859",0,0,0,0.884,0.772,0
"1520","1859_755",0,1,1,0.772,1,1
"1521","1859_756",0,0,0,0.772,1,1
"1522","1858_757",0,0,0,0.884,1,1
"1523","1857_1860",0,0,0,0.902,0.898,0
"1524","1860_1861",0,0,0,0.898,0.904,1
"1525","1861_758",0,0,0,0.904,1,1
"1526","1861_1862",0,0,0,0.904,0.79,0
"1527","1862_759",0,0,0,0.79,1,1
"1528","1862_760",0,1,1,0.79,1,1
"1529","1860_1863",0,0,0,0.898,0.918,1
"1530","1863_761",0,0,0,0.918,1,1
"1531","1863_1864",0,0,0,0.918,0.912,0
"1532","1864_1865",0,0,0,0.912,0.668,0
"1533","1865_762",0,0,0,0.668,1,1
"1534","1865_1866",0,1,1,0.668,0.774,1
"1535","1866_1867",1,1,0,0.774,0.774,0
"1536","1867_1868",1,1,0,0.774,0.796,1
"1537","1868_763",1,0,1,0.796,1,1
"1538","1868_764",1,1,0,0.796,1,1
"1539","1867_1869",1,0,1,0.774,0.762,0
"1540","1869_765",0,0,0,0.762,1,1
"1541","1869_1870",0,0,0,0.762,0.918,1
"1542","1870_1871",0,0,0,0.918,0.638,0
"1543","1871_766",0,1,1,0.638,1,1
"1544","1871_1872",0,0,0,0.638,0.86,1
"1545","1872_1873",0,0,0,0.86,0.99,1
"1546","1873_767",0,0,0,0.99,1,1
"1547","1873_1874",0,0,0,0.99,0.942,0
"1548","1874_768",0,1,1,0.942,1,1
"1549","1874_769",0,0,0,0.942,1,1
"1550","1872_1875",0,0,0,0.86,0.942,1
"1551","1875_770",0,0,0,0.942,1,1
"1552","1875_1876",0,0,0,0.942,0.972,1
"1553","1876_771",0,0,0,0.972,1,1
"1554","1876_772",0,0,0,0.972,1,1
"1555","1870_773",0,0,0,0.918,1,1
"1556","1866_774",1,1,0,0.774,1,1
"1557","1864_1877",0,0,0,0.912,0.932,1
"1558","1877_1878",0,0,0,0.932,0.962,1
"1559","1878_775",0,0,0,0.962,1,1
"1560","1878_1879",0,0,0,0.962,0.898,0
"1561","1879_776",0,0,0,0.898,1,1
"1562","1879_777",0,1,1,0.898,1,1
"1563","1877_778",0,0,0,0.932,1,1
"1564","1848_1880",0,0,0,0.916,0.576,0
"1565","1880_1881",0,0,0,0.576,0.8,1
"1566","1881_1882",0,0,0,0.8,0.922,1
"1567","1882_1883",0,0,0,0.922,0.928,1
"1568","1883_1884",0,0,0,0.928,0.948,1
"1569","1884_1885",0,0,0,0.948,0.958,1
"1570","1885_779",0,0,0,0.958,1,1
"1571","1885_780",0,0,0,0.958,1,1
"1572","1884_781",0,0,0,0.948,1,1
"1573","1883_1886",0,0,0,0.928,0.924,0
"1574","1886_1887",0,0,0,0.924,0.952,1
"1575","1887_1888",0,0,0,0.952,0.916,0
"1576","1888_782",0,0,0,0.916,1,1
"1577","1888_1889",0,0,0,0.916,0.904,0
"1578","1889_783",0,0,0,0.904,1,1
"1579","1889_784",0,0,0,0.904,1,1
"1580","1887_1890",0,0,0,0.952,0.934,0
"1581","1890_785",0,0,0,0.934,1,1
"1582","1890_1891",0,0,0,0.934,0.968,1
"1583","1891_1892",0,0,0,0.968,0.958,0
"1584","1892_786",0,0,0,0.958,1,1
"1585","1892_787",0,0,0,0.958,1,1
"1586","1891_788",0,0,0,0.968,1,1
"1587","1886_1893",0,0,0,0.924,0.928,1
"1588","1893_1894",0,0,0,0.928,0.944,1
"1589","1894_789",0,0,0,0.944,1,1
"1590","1894_790",0,0,0,0.944,1,1
"1591","1893_791",0,0,0,0.928,1,1
"1592","1882_792",0,0,0,0.922,1,1
"1593","1881_793",0,0,0,0.8,1,1
"1594","1880_794",0,1,1,0.576,1,1
"1595","1804_1895",0,0,0,0.922,0.944,1
"1596","1895_795",0,0,0,0.944,1,1
"1597","1895_1896",0,0,0,0.944,0.932,0
"1598","1896_796",0,0,0,0.932,1,1
"1599","1896_1897",0,0,0,0.932,0.99,1
"1600","1897_797",0,0,0,0.99,1,1
"1601","1897_1898",0,0,0,0.99,0.996,1
"1602","1898_798",0,0,0,0.996,1,1
"1603","1898_799",0,0,0,0.996,1,1
"1604","1790_1899",0,0,0,0.942,0.932,0
"1605","1899_800",0,0,0,0.932,1,1
"1606","1899_1900",0,0,0,0.932,0.938,1
"1607","1900_1901",0,0,0,0.938,0.94,1
"1608","1901_801",0,0,0,0.94,1,1
"1609","1901_1902",0,0,0,0.94,0.944,1
"1610","1902_1903",0,0,0,0.944,0.96,1
"1611","1903_802",0,0,0,0.96,1,1
"1612","1903_803",0,0,0,0.96,1,1
"1613","1902_804",0,0,0,0.944,1,1
"1614","1900_1904",0,0,0,0.938,0.946,1
"1615","1904_805",0,0,0,0.946,1,1
"1616","1904_1905",0,0,0,0.946,0.99,1
"1617","1905_806",0,0,0,0.99,1,1
"1618","1905_807",0,0,0,0.99,1,1
"1619","1788_1906",0,0,0,0.948,0.934,0
"1620","1906_1907",0,0,0,0.934,0.93,0
"1621","1907_1908",0,0,0,0.93,0.926,0
"1622","1908_1909",0,0,0,0.926,0.972,1
"1623","1909_808",0,0,0,0.972,1,1
"1624","1909_1910",0,0,0,0.972,0.996,1
"1625","1910_1911",0,0,0,0.996,0.996,0
"1626","1911_1912",0,0,0,0.996,1,1
"1627","1912_809",0,0,0,1,1,0
"1628","1912_810",0,0,0,1,1,0
"1629","1911_811",0,0,0,0.996,1,1
"1630","1910_1913",0,0,0,0.996,1,1
"1631","1913_812",0,0,0,1,1,0
"1632","1913_813",0,0,0,1,1,0
"1633","1908_1914",0,0,0,0.926,0.922,0
"1634","1914_1915",0,0,0,0.922,0.99,1
"1635","1915_814",0,0,0,0.99,1,1
"1636","1915_815",0,0,0,0.99,1,1
"1637","1914_816",0,0,0,0.922,1,1
"1638","1907_1916",0,0,0,0.93,0.914,0
"1639","1916_817",0,0,0,0.914,1,1
"1640","1916_818",0,0,0,0.914,1,1
"1641","1906_1917",0,0,0,0.934,0.934,0
"1642","1917_1918",0,0,0,0.934,0.914,0
"1643","1918_1919",0,0,0,0.914,0.958,1
"1644","1919_819",0,0,0,0.958,1,1
"1645","1919_1920",0,0,0,0.958,0.962,1
"1646","1920_820",0,0,0,0.962,1,1
"1647","1920_821",0,0,0,0.962,1,1
"1648","1918_1921",0,0,0,0.914,0.936,1
"1649","1921_1922",0,0,0,0.936,0.922,0
"1650","1922_822",0,0,0,0.922,1,1
"1651","1922_1923",0,1,1,0.922,0.752,0
"1652","1923_823",1,1,0,0.752,1,1
"1653","1923_824",1,1,0,0.752,1,1
"1654","1921_1924",0,0,0,0.936,0.922,0
"1655","1924_1925",0,0,0,0.922,0.924,1
"1656","1925_825",0,0,0,0.924,1,1
"1657","1925_826",0,0,0,0.924,1,1
"1658","1924_1926",0,0,0,0.922,0.952,1
"1659","1926_1927",0,0,0,0.952,0.978,1
"1660","1927_827",0,0,0,0.978,1,1
"1661","1927_828",0,0,0,0.978,1,1
"1662","1926_1928",0,0,0,0.952,0.954,1
"1663","1928_1929",0,0,0,0.954,0.964,1
"1664","1929_1930",0,0,0,0.964,0.992,1
"1665","1930_829",0,0,0,0.992,1,1
"1666","1930_830",0,0,0,0.992,1,1
"1667","1929_1931",0,0,0,0.964,0.978,1
"1668","1931_1932",0,0,0,0.978,1,1
"1669","1932_831",0,0,0,1,1,0
"1670","1932_1933",0,0,0,1,0.998,0
"1671","1933_832",0,0,0,0.998,1,1
"1672","1933_1934",0,0,0,0.998,0.998,0
"1673","1934_833",0,0,0,0.998,1,1
"1674","1934_1935",0,0,0,0.998,0.998,0
"1675","1935_834",0,0,0,0.998,1,1
"1676","1935_835",0,0,0,0.998,1,1
"1677","1931_1936",0,0,0,0.978,0.984,1
"1678","1936_1937",0,0,0,0.984,0.99,1
"1679","1937_1938",0,0,0,0.99,1,1
"1680","1938_836",0,0,0,1,1,0
"1681","1938_837",0,0,0,1,1,0
"1682","1937_1939",0,0,0,0.99,0.974,0
"1683","1939_838",0,0,0,0.974,1,1
"1684","1939_839",0,0,0,0.974,1,1
"1685","1936_1940",0,0,0,0.984,0.992,1
"1686","1940_840",0,0,0,0.992,1,1
"1687","1940_1941",0,0,0,0.992,0.994,1
"1688","1941_841",0,0,0,0.994,1,1
"1689","1941_1942",0,0,0,0.994,0.994,0
"1690","1942_842",0,0,0,0.994,1,1
"1691","1942_843",0,0,0,0.994,1,1
"1692","1928_1943",0,0,0,0.954,0.952,0
"1693","1943_1944",0,0,0,0.952,0.984,1
"1694","1944_844",0,0,0,0.984,1,1
"1695","1944_845",0,1,1,0.984,1,1
"1696","1943_846",0,0,0,0.952,1,1
"1697","1917_1945",0,0,0,0.934,0.966,1
"1698","1945_1946",0,0,0,0.966,0.956,0
"1699","1946_847",0,0,0,0.956,1,1
"1700","1946_848",0,0,0,0.956,1,1
"1701","1945_849",0,0,0,0.966,1,1
"1702","1787_1947",0,0,0,0.942,0.942,0
"1703","1947_1948",0,0,0,0.942,0.932,0
"1704","1948_1949",0,0,0,0.932,0.93,0
"1705","1949_850",0,0,0,0.93,1,1
"1706","1949_1950",0,0,0,0.93,0.996,1
"1707","1950_851",0,0,0,0.996,1,1
"1708","1950_852",0,0,0,0.996,1,1
"1709","1948_853",0,0,0,0.932,1,1
"1710","1947_1951",0,0,0,0.942,0.986,1
"1711","1951_1952",0,0,0,0.986,0.994,1
"1712","1952_854",0,0,0,0.994,1,1
"1713","1952_855",0,0,0,0.994,1,1
"1714","1951_1953",0,0,0,0.986,0.994,1
"1715","1953_856",0,0,0,0.994,1,1
"1716","1953_1954",0,0,0,0.994,0.992,0
"1717","1954_857",0,0,0,0.992,1,1
"1718","1954_858",0,0,0,0.992,1,1
"1719","1786_1955",0,0,0,0.932,0.932,0
"1720","1955_1956",0,0,0,0.932,0.922,0
"1721","1956_1957",0,0,0,0.922,0.952,1
"1722","1957_859",0,0,0,0.952,1,1
"1723","1957_1958",0,0,0,0.952,0.982,1
"1724","1958_860",0,0,0,0.982,1,1
"1725","1958_861",0,0,0,0.982,1,1
"1726","1956_1959",0,0,0,0.922,0.932,1
"1727","1959_862",0,0,0,0.932,1,1
"1728","1959_863",0,0,0,0.932,1,1
"1729","1955_1960",0,0,0,0.932,0.934,1
"1730","1960_864",0,0,0,0.934,1,1
"1731","1960_1961",0,0,0,0.934,0.936,1
"1732","1961_1962",0,0,0,0.936,0.912,0
"1733","1962_1963",0,0,0,0.912,0.932,1
"1734","1963_1964",0,0,0,0.932,0.93,0
"1735","1964_865",0,0,0,0.93,1,1
"1736","1964_866",0,0,0,0.93,1,1
"1737","1963_1965",0,0,0,0.932,0.944,1
"1738","1965_867",0,0,0,0.944,1,1
"1739","1965_1966",0,0,0,0.944,1,1
"1740","1966_868",0,0,0,1,1,0
"1741","1966_1967",0,0,0,1,1,0
"1742","1967_869",0,0,0,1,1,0
"1743","1967_1968",0,0,0,1,0.996,0
"1744","1968_870",0,0,0,0.996,1,1
"1745","1968_1969",0,0,0,0.996,0.994,0
"1746","1969_1970",0,0,0,0.994,0.998,1
"1747","1970_871",0,0,0,0.998,1,1
"1748","1970_872",0,0,0,0.998,1,1
"1749","1969_1971",0,0,0,0.994,0.946,0
"1750","1971_1972",0,0,0,0.946,0.944,0
"1751","1972_873",0,0,0,0.944,1,1
"1752","1972_874",0,0,0,0.944,1,1
"1753","1971_875",0,0,0,0.946,1,1
"1754","1962_1973",0,0,0,0.912,0.906,0
"1755","1973_876",0,0,0,0.906,1,1
"1756","1973_1974",0,0,0,0.906,0.856,0
"1757","1974_877",0,1,1,0.856,1,1
"1758","1974_1975",0,0,0,0.856,0.912,1
"1759","1975_878",0,0,0,0.912,1,1
"1760","1975_879",0,0,0,0.912,1,1
"1761","1961_1976",0,0,0,0.936,0.928,0
"1762","1976_880",0,0,0,0.928,1,1
"1763","1976_1977",0,0,0,0.928,0.948,1
"1764","1977_881",0,0,0,0.948,1,1
"1765","1977_882",0,0,0,0.948,1,1
"1766","1779_883",0,0,0,0.924,1,1
"1767","1778_1978",0,0,0,0.946,0.934,0
"1768","1978_1979",0,0,0,0.934,0.924,0
"1769","1979_1980",0,0,0,0.924,0.936,1
"1770","1980_1981",0,0,0,0.936,0.942,1
"1771","1981_884",0,0,0,0.942,1,1
"1772","1981_885",0,0,0,0.942,1,1
"1773","1980_886",0,0,0,0.936,1,1
"1774","1979_1982",0,0,0,0.924,0.998,1
"1775","1982_887",0,0,0,0.998,1,1
"1776","1982_1983",0,0,0,0.998,1,1
"1777","1983_888",0,0,0,1,1,0
"1778","1983_889",0,0,0,1,1,0
"1779","1978_1984",0,0,0,0.934,0.932,0
"1780","1984_1985",0,0,0,0.932,0.93,0
"1781","1985_1986",0,0,0,0.93,0.946,1
"1782","1986_1987",0,0,0,0.946,0.938,0
"1783","1987_890",0,0,0,0.938,1,1
"1784","1987_1988",0,0,0,0.938,0.934,0
"1785","1988_891",0,0,0,0.934,1,1
"1786","1988_892",0,0,0,0.934,1,1
"1787","1986_1989",0,0,0,0.946,0.942,0
"1788","1989_893",0,0,0,0.942,1,1
"1789","1989_1990",0,0,0,0.942,0.944,1
"1790","1990_894",0,0,0,0.944,1,1
"1791","1990_895",0,0,0,0.944,1,1
"1792","1985_1991",0,0,0,0.93,0.94,1
"1793","1991_1992",0,0,0,0.94,0.942,1
"1794","1992_1993",0,0,0,0.942,0.92,0
"1795","1993_896",0,0,0,0.92,1,1
"1796","1993_1994",0,0,0,0.92,0.95,1
"1797","1994_1995",0,0,0,0.95,0.944,0
"1798","1995_897",0,0,0,0.944,1,1
"1799","1995_898",0,0,0,0.944,1,1
"1800","1994_1996",0,0,0,0.95,0.95,0
"1801","1996_1997",0,0,0,0.95,0.934,0
"1802","1997_1998",0,0,0,0.934,0.944,1
"1803","1998_899",0,0,0,0.944,1,1
"1804","1998_1999",0,0,0,0.944,0.962,1
"1805","1999_900",0,0,0,0.962,1,1
"1806","1999_901",0,0,0,0.962,1,1
"1807","1997_2000",0,0,0,0.934,0.94,1
"1808","2000_2001",0,0,0,0.94,0.942,1
"1809","2001_902",0,0,0,0.942,1,1
"1810","2001_2002",0,0,0,0.942,0.936,0
"1811","2002_2003",0,0,0,0.936,1,1
"1812","2003_903",0,0,0,1,1,0
"1813","2003_904",0,0,0,1,1,0
"1814","2002_2004",0,0,0,0.936,0.904,0
"1815","2004_2005",0,0,0,0.904,0.942,1
"1816","2005_905",0,0,0,0.942,1,1
"1817","2005_906",0,0,0,0.942,1,1
"1818","2004_907",0,1,1,0.904,1,1
"1819","2000_2006",0,0,0,0.94,0.986,1
"1820","2006_908",0,0,0,0.986,1,1
"1821","2006_909",0,0,0,0.986,1,1
"1822","1996_910",0,0,0,0.95,1,1
"1823","1992_2007",0,0,0,0.942,0.948,1
"1824","2007_2008",0,0,0,0.948,0.948,0
"1825","2008_2009",0,0,0,0.948,0.978,1
"1826","2009_911",0,0,0,0.978,1,1
"1827","2009_912",0,0,0,0.978,1,1
"1828","2008_2010",0,0,0,0.948,0.938,0
"1829","2010_913",0,0,0,0.938,1,1
"1830","2010_914",0,0,0,0.938,1,1
"1831","2007_2011",0,0,0,0.948,0.934,0
"1832","2011_2012",0,0,0,0.934,0.968,1
"1833","2012_915",0,0,0,0.968,1,1
"1834","2012_916",0,0,0,0.968,1,1
"1835","2011_2013",0,0,0,0.934,0.92,0
"1836","2013_2014",0,0,0,0.92,0.948,1
"1837","2014_2015",0,0,0,0.948,0.974,1
"1838","2015_917",0,0,0,0.974,1,1
"1839","2015_2016",0,0,0,0.974,0.988,1
"1840","2016_918",0,0,0,0.988,1,1
"1841","2016_919",0,0,0,0.988,1,1
"1842","2014_2017",0,0,0,0.948,0.982,1
"1843","2017_920",0,0,0,0.982,1,1
"1844","2017_2018",0,0,0,0.982,0.992,1
"1845","2018_921",0,0,0,0.992,1,1
"1846","2018_922",0,0,0,0.992,1,1
"1847","2013_2019",0,0,0,0.92,0.844,0
"1848","2019_923",0,0,0,0.844,1,1
"1849","2019_2020",0,0,0,0.844,0.74,0
"1850","2020_2021",0,0,0,0.74,0.702,0
"1851","2021_924",0,1,1,0.702,1,1
"1852","2021_2022",0,0,0,0.702,0.934,1
"1853","2022_925",0,0,0,0.934,1,1
"1854","2022_2023",0,0,0,0.934,0.978,1
"1855","2023_2024",0,0,0,0.978,0.996,1
"1856","2024_926",0,0,0,0.996,1,1
"1857","2024_927",0,0,0,0.996,1,1
"1858","2023_2025",0,0,0,0.978,1,1
"1859","2025_2026",0,0,0,1,0.994,0
"1860","2026_928",0,0,0,0.994,1,1
"1861","2026_929",0,1,1,0.994,1,1
"1862","2025_930",0,0,0,1,1,0
"1863","2020_2027",0,0,0,0.74,0.716,0
"1864","2027_2028",0,0,0,0.716,0.934,1
"1865","2028_931",0,0,0,0.934,1,1
"1866","2028_932",0,0,0,0.934,1,1
"1867","2027_2029",0,0,0,0.716,0.684,0
"1868","2029_2030",0,1,1,0.684,0.882,1
"1869","2030_933",1,1,0,0.882,1,1
"1870","2030_2031",1,1,0,0.882,0.834,0
"1871","2031_934",1,1,0,0.834,1,1
"1872","2031_2032",1,1,0,0.834,0.652,0
"1873","2032_2033",1,0,1,0.652,0.986,1
"1874","2033_935",0,0,0,0.986,1,1
"1875","2033_2034",0,0,0,0.986,0.996,1
"1876","2034_936",0,0,0,0.996,1,1
"1877","2034_937",0,0,0,0.996,1,1
"1878","2032_938",1,0,1,0.652,1,1
"1879","2029_2035",0,0,0,0.684,0.962,1
"1880","2035_939",0,0,0,0.962,1,1
"1881","2035_2036",0,0,0,0.962,1,1
"1882","2036_940",0,0,0,1,1,0
"1883","2036_941",0,0,0,1,1,0
"1884","1991_2037",0,0,0,0.94,0.928,0
"1885","2037_942",0,0,0,0.928,1,1
"1886","2037_2038",0,0,0,0.928,0.928,0
"1887","2038_2039",0,0,0,0.928,0.864,0
"1888","2039_943",0,0,0,0.864,1,1
"1889","2039_2040",0,0,0,0.864,0.546,0
"1890","2040_944",0,1,1,0.546,1,1
"1891","2040_2041",0,0,0,0.546,0.586,1
"1892","2041_945",0,0,0,0.586,1,1
"1893","2041_946",0,1,1,0.586,1,1
"1894","2038_2042",0,0,0,0.928,0.952,1
"1895","2042_947",0,0,0,0.952,1,1
"1896","2042_948",0,0,0,0.952,1,1
"1897","1984_2043",0,0,0,0.932,0.938,1
"1898","2043_2044",0,0,0,0.938,0.938,0
"1899","2044_949",0,0,0,0.938,1,1
"1900","2044_2045",0,0,0,0.938,0.946,1
"1901","2045_2046",0,0,0,0.946,0.932,0
"1902","2046_950",0,0,0,0.932,1,1
"1903","2046_951",0,0,0,0.932,1,1
"1904","2045_2047",0,0,0,0.946,0.948,1
"1905","2047_952",0,0,0,0.948,1,1
"1906","2047_953",0,0,0,0.948,1,1
"1907","2043_2048",0,0,0,0.938,0.938,0
"1908","2048_2049",0,0,0,0.938,0.89,0
"1909","2049_954",0,0,0,0.89,1,1
"1910","2049_955",0,1,1,0.89,1,1
"1911","2048_2050",0,0,0,0.938,0.94,1
"1912","2050_956",0,0,0,0.94,1,1
"1913","2050_2051",0,0,0,0.94,0.936,0
"1914","2051_2052",0,0,0,0.936,0.946,1
"1915","2052_957",0,0,0,0.946,1,1
"1916","2052_958",0,0,0,0.946,1,1
"1917","2051_2053",0,0,0,0.936,0.96,1
"1918","2053_959",0,0,0,0.96,1,1
"1919","2053_960",0,0,0,0.96,1,1
"1920","1774_2054",0,0,0,0.928,0.912,0
"1921","2054_961",0,0,0,0.912,1,1
"1922","2054_2055",0,0,0,0.912,0.948,1
"1923","2055_2056",0,0,0,0.948,0.91,0
"1924","2056_962",0,0,0,0.91,1,1
"1925","2056_2057",0,0,0,0.91,0.944,1
"1926","2057_2058",0,0,0,0.944,0.95,1
"1927","2058_2059",0,0,0,0.95,0.924,0
"1928","2059_963",0,0,0,0.924,1,1
"1929","2059_2060",0,0,0,0.924,0.988,1
"1930","2060_964",0,0,0,0.988,1,1
"1931","2060_2061",0,0,0,0.988,0.988,0
"1932","2061_965",0,0,0,0.988,1,1
"1933","2061_2062",0,0,0,0.988,0.994,1
"1934","2062_2063",0,0,0,0.994,0.992,0
"1935","2063_2064",0,0,0,0.992,0.992,0
"1936","2064_966",0,0,0,0.992,1,1
"1937","2064_967",0,0,0,0.992,1,1
"1938","2063_2065",0,0,0,0.992,0.998,1
"1939","2065_968",0,0,0,0.998,1,1
"1940","2065_2066",0,0,0,0.998,0.998,0
"1941","2066_2067",0,0,0,0.998,0.998,0
"1942","2067_969",0,0,0,0.998,1,1
"1943","2067_2068",0,0,0,0.998,1,1
"1944","2068_2069",0,0,0,1,1,0
"1945","2069_970",0,0,0,1,1,0
"1946","2069_971",0,0,0,1,1,0
"1947","2068_972",0,0,0,1,1,0
"1948","2066_973",0,0,0,0.998,1,1
"1949","2062_2070",0,0,0,0.994,0.998,1
"1950","2070_2071",0,0,0,0.998,0.998,0
"1951","2071_974",0,0,0,0.998,1,1
"1952","2071_975",0,0,0,0.998,1,1
"1953","2070_976",0,0,0,0.998,1,1
"1954","2058_977",0,0,0,0.95,1,1
"1955","2057_2072",0,0,0,0.944,0.932,0
"1956","2072_2073",0,0,0,0.932,0.986,1
"1957","2073_978",0,0,0,0.986,1,1
"1958","2073_979",0,0,0,0.986,1,1
"1959","2072_2074",0,0,0,0.932,0.924,0
"1960","2074_2075",0,0,0,0.924,0.954,1
"1961","2075_980",0,0,0,0.954,1,1
"1962","2075_2076",0,0,0,0.954,1,1
"1963","2076_981",0,0,0,1,1,0
"1964","2076_982",0,0,0,1,1,0
"1965","2074_2077",0,0,0,0.924,0.932,1
"1966","2077_2078",0,0,0,0.932,0.934,1
"1967","2078_983",0,0,0,0.934,1,1
"1968","2078_2079",0,0,0,0.934,0.996,1
"1969","2079_984",0,0,0,0.996,1,1
"1970","2079_985",0,0,0,0.996,1,1
"1971","2077_2080",0,0,0,0.932,0.956,1
"1972","2080_2081",0,0,0,0.956,0.954,0
"1973","2081_986",0,0,0,0.954,1,1
"1974","2081_987",0,0,0,0.954,1,1
"1975","2080_988",0,0,0,0.956,1,1
"1976","2055_2082",0,0,0,0.948,0.926,0
"1977","2082_2083",0,0,0,0.926,0.926,0
"1978","2083_2084",0,0,0,0.926,0.932,1
"1979","2084_2085",0,0,0,0.932,0.926,0
"1980","2085_989",0,0,0,0.926,1,1
"1981","2085_990",0,0,0,0.926,1,1
"1982","2084_2086",0,0,0,0.932,0.906,0
"1983","2086_2087",0,0,0,0.906,0.9,0
"1984","2087_991",0,0,0,0.9,1,1
"1985","2087_2088",0,0,0,0.9,0.874,0
"1986","2088_992",0,0,0,0.874,1,1
"1987","2088_993",0,1,1,0.874,1,1
"1988","2086_994",0,0,0,0.906,1,1
"1989","2083_2089",0,0,0,0.926,0.938,1
"1990","2089_2090",0,0,0,0.938,0.966,1
"1991","2090_995",0,0,0,0.966,1,1
"1992","2090_996",0,0,0,0.966,1,1
"1993","2089_997",0,0,0,0.938,1,1
"1994","2082_2091",0,0,0,0.926,0.942,1
"1995","2091_2092",0,0,0,0.942,0.932,0
"1996","2092_2093",0,0,0,0.932,0.936,1
"1997","2093_998",0,0,0,0.936,1,1
"1998","2093_2094",0,0,0,0.936,0.932,0
"1999","2094_2095",0,0,0,0.932,0.934,1
"2000","2095_999",0,0,0,0.934,1,1
"2001","2095_2096",0,0,0,0.934,0.93,0
"2002","2096_1000",0,0,0,0.93,1,1
"2003","2096_2097",0,0,0,0.93,0.97,1
"2004","2097_1001",0,0,0,0.97,1,1
"2005","2097_2098",0,0,0,0.97,0.974,1
"2006","2098_1002",0,1,1,0.974,1,1
"2007","2098_1003",0,0,0,0.974,1,1
"2008","2094_2099",0,0,0,0.932,0.922,0
"2009","2099_1004",0,0,0,0.922,1,1
"2010","2099_2100",0,0,0,0.922,0.998,1
"2011","2100_1005",0,0,0,0.998,1,1
"2012","2100_1006",0,0,0,0.998,1,1
"2013","2092_2101",0,0,0,0.932,0.928,0
"2014","2101_2102",0,0,0,0.928,0.942,1
"2015","2102_1007",0,0,0,0.942,1,1
"2016","2102_2103",0,0,0,0.942,0.936,0
"2017","2103_1008",0,0,0,0.936,1,1
"2018","2103_1009",0,0,0,0.936,1,1
"2019","2101_2104",0,0,0,0.928,0.928,0
"2020","2104_1010",0,0,0,0.928,1,1
"2021","2104_1011",0,0,0,0.928,1,1
"2022","2091_2105",0,0,0,0.942,0.922,0
"2023","2105_2106",0,0,0,0.922,0.936,1
"2024","2106_2107",0,0,0,0.936,0.93,0
"2025","2107_1012",0,0,0,0.93,1,1
"2026","2107_2108",0,0,0,0.93,0.928,0
"2027","2108_2109",0,0,0,0.928,0.928,0
"2028","2109_2110",0,0,0,0.928,0.92,0
"2029","2110_1013",0,0,0,0.92,1,1
"2030","2110_1014",0,0,0,0.92,1,1
"2031","2109_1015",0,0,0,0.928,1,1
"2032","2108_2111",0,0,0,0.928,0.934,1
"2033","2111_2112",0,0,0,0.934,0.942,1
"2034","2112_1016",0,0,0,0.942,1,1
"2035","2112_2113",0,0,0,0.942,0.964,1
"2036","2113_1017",0,0,0,0.964,1,1
"2037","2113_2114",0,0,0,0.964,0.99,1
"2038","2114_1018",0,0,0,0.99,1,1
"2039","2114_1019",0,0,0,0.99,1,1
"2040","2111_2115",0,0,0,0.934,0.92,0
"2041","2115_1020",0,0,0,0.92,1,1
"2042","2115_1021",0,0,0,0.92,1,1
"2043","2106_2116",0,0,0,0.936,0.956,1
"2044","2116_2117",0,0,0,0.956,0.94,0
"2045","2117_2118",0,0,0,0.94,0.978,1
"2046","2118_1022",0,0,0,0.978,1,1
"2047","2118_1023",0,0,0,0.978,1,1
"2048","2117_2119",0,0,0,0.94,0.946,1
"2049","2119_1024",0,0,0,0.946,1,1
"2050","2119_1025",0,0,0,0.946,1,1
"2051","2116_2120",0,0,0,0.956,0.946,0
"2052","2120_2121",0,0,0,0.946,0.982,1
"2053","2121_1026",0,0,0,0.982,1,1
"2054","2121_1027",0,0,0,0.982,1,1
"2055","2120_2122",0,0,0,0.946,0.946,0
"2056","2122_1028",0,0,0,0.946,1,1
"2057","2122_2123",0,0,0,0.946,0.936,0
"2058","2123_2124",0,0,0,0.936,0.94,1
"2059","2124_1029",0,0,0,0.94,1,1
"2060","2124_2125",0,0,0,0.94,0.924,0
"2061","2125_2126",0,0,0,0.924,0.914,0
"2062","2126_1030",0,0,0,0.914,1,1
"2063","2126_1031",0,1,1,0.914,1,1
"2064","2125_1032",0,0,0,0.924,1,1
"2065","2123_1033",0,0,0,0.936,1,1
"2066","2105_2127",0,0,0,0.922,0.938,1
"2067","2127_1034",0,0,0,0.938,1,1
"2068","2127_2128",0,0,0,0.938,0.918,0
"2069","2128_2129",0,0,0,0.918,0.928,1
"2070","2129_1035",0,0,0,0.928,1,1
"2071","2129_2130",0,0,0,0.928,0.97,1
"2072","2130_2131",0,0,0,0.97,0.972,1
"2073","2131_1036",0,0,0,0.972,1,1
"2074","2131_1037",0,0,0,0.972,1,1
"2075","2130_1038",0,0,0,0.97,1,1
"2076","2128_2132",0,0,0,0.918,0.924,1
"2077","2132_2133",0,0,0,0.924,0.936,1
"2078","2133_1039",0,0,0,0.936,1,1
"2079","2133_2134",0,0,0,0.936,0.928,0
"2080","2134_1040",0,0,0,0.928,1,1
"2081","2134_2135",0,0,0,0.928,0.92,0
"2082","2135_2136",0,0,0,0.92,0.92,0
"2083","2136_2137",0,0,0,0.92,0.922,1
"2084","2137_1041",0,0,0,0.922,1,1
"2085","2137_2138",0,0,0,0.922,0.99,1
"2086","2138_1042",0,0,0,0.99,1,1
"2087","2138_2139",0,0,0,0.99,0.982,0
"2088","2139_2140",0,0,0,0.982,1,1
"2089","2140_1043",0,0,0,1,1,0
"2090","2140_1044",0,0,0,1,1,0
"2091","2139_1045",0,0,0,0.982,1,1
"2092","2136_2141",0,0,0,0.92,0.918,0
"2093","2141_2142",0,0,0,0.918,0.976,1
"2094","2142_2143",0,0,0,0.976,0.992,1
"2095","2143_2144",0,0,0,0.992,0.996,1
"2096","2144_1046",0,0,0,0.996,1,1
"2097","2144_1047",0,0,0,0.996,1,1
"2098","2143_2145",0,0,0,0.992,1,1
"2099","2145_1048",0,0,0,1,1,0
"2100","2145_1049",0,0,0,1,1,0
"2101","2142_2146",0,0,0,0.976,0.974,0
"2102","2146_1050",0,0,0,0.974,1,1
"2103","2146_1051",0,0,0,0.974,1,1
"2104","2141_2147",0,0,0,0.918,0.976,1
"2105","2147_1052",0,0,0,0.976,1,1
"2106","2147_2148",0,0,0,0.976,0.996,1
"2107","2148_1053",0,0,0,0.996,1,1
"2108","2148_1054",0,0,0,0.996,1,1
"2109","2135_2149",0,0,0,0.92,0.924,1
"2110","2149_2150",0,0,0,0.924,0.958,1
"2111","2150_2151",0,0,0,0.958,0.974,1
"2112","2151_1055",0,0,0,0.974,1,1
"2113","2151_2152",0,0,0,0.974,0.994,1
"2114","2152_1056",0,0,0,0.994,1,1
"2115","2152_1057",0,0,0,0.994,1,1
"2116","2150_2153",0,0,0,0.958,0.952,0
"2117","2153_2154",0,0,0,0.952,0.944,0
"2118","2154_1058",0,0,0,0.944,1,1
"2119","2154_2155",0,0,0,0.944,0.994,1
"2120","2155_1059",0,0,0,0.994,1,1
"2121","2155_1060",0,0,0,0.994,1,1
"2122","2153_2156",0,0,0,0.952,0.972,1
"2123","2156_2157",0,0,0,0.972,0.998,1
"2124","2157_2158",0,0,0,0.998,0.998,0
"2125","2158_1061",0,0,0,0.998,1,1
"2126","2158_2159",0,0,0,0.998,0.998,0
"2127","2159_1062",0,0,0,0.998,1,1
"2128","2159_1063",0,0,0,0.998,1,1
"2129","2157_2160",0,0,0,0.998,1,1
"2130","2160_1064",0,0,0,1,1,0
"2131","2160_2161",0,0,0,1,1,0
"2132","2161_2162",0,0,0,1,0.998,0
"2133","2162_1065",0,0,0,0.998,1,1
"2134","2162_1066",0,0,0,0.998,1,1
"2135","2161_1067",0,0,0,1,1,0
"2136","2156_1068",0,0,0,0.972,1,1
"2137","2149_2163",0,0,0,0.924,0.946,1
"2138","2163_1069",0,0,0,0.946,1,1
"2139","2163_1070",0,0,0,0.946,1,1
"2140","2132_2164",0,0,0,0.924,0.906,0
"2141","2164_2165",0,0,0,0.906,0.904,0
"2142","2165_2166",0,0,0,0.904,0.776,0
"2143","2166_2167",0,1,1,0.776,0.904,1
"2144","2167_1071",1,1,0,0.904,1,1
"2145","2167_1072",1,1,0,0.904,1,1
"2146","2166_2168",0,0,0,0.776,0.93,1
"2147","2168_1073",0,0,0,0.93,1,1
"2148","2168_2169",0,0,0,0.93,0.996,1
"2149","2169_1074",0,0,0,0.996,1,1
"2150","2169_1075",0,0,0,0.996,1,1
"2151","2165_2170",0,0,0,0.904,0.926,1
"2152","2170_1076",0,0,0,0.926,1,1
"2153","2170_1077",0,0,0,0.926,1,1
"2154","2164_2171",0,0,0,0.906,0.932,1
"2155","2171_2172",0,0,0,0.932,0.936,1
"2156","2172_1078",0,0,0,0.936,1,1
"2157","2172_2173",0,0,0,0.936,0.968,1
"2158","2173_1079",0,0,0,0.968,1,1
"2159","2173_1080",0,0,0,0.968,1,1
"2160","2171_2174",0,0,0,0.932,0.928,0
"2161","2174_1081",0,1,1,0.928,1,1
"2162","2174_2175",0,0,0,0.928,0.952,1
"2163","2175_2176",0,0,0,0.952,0.982,1
"2164","2176_1082",0,0,0,0.982,1,1
"2165","2176_1083",0,0,0,0.982,1,1
"2166","2175_2177",0,0,0,0.952,0.96,1
"2167","2177_2178",0,0,0,0.96,0.98,1
"2168","2178_2179",0,0,0,0.98,0.992,1
"2169","2179_2180",0,0,0,0.992,0.994,1
"2170","2180_1084",0,0,0,0.994,1,1
"2171","2180_1085",0,0,0,0.994,1,1
"2172","2179_2181",0,0,0,0.992,0.996,1
"2173","2181_1086",0,0,0,0.996,1,1
"2174","2181_1087",0,0,0,0.996,1,1
"2175","2178_2182",0,0,0,0.98,0.988,1
"2176","2182_1088",0,0,0,0.988,1,1
"2177","2182_1089",0,0,0,0.988,1,1
"2178","2177_2183",0,0,0,0.96,0.964,1
"2179","2183_2184",0,0,0,0.964,0.992,1
"2180","2184_1090",0,0,0,0.992,1,1
"2181","2184_1091",0,0,0,0.992,1,1
"2182","2183_2185",0,0,0,0.964,0.984,1
"2183","2185_1092",0,0,0,0.984,1,1
"2184","2185_1093",0,0,0,0.984,1,1
